n,group,x,y
1,1,-15.7438027253561,9.37349170044942
2,1,6.3466511450106,15.109404953805328
3,1,24.5400111359613,5.189053904255939
4,1,-22.0203522351994,-11.4832899666177
5,1,22.4608332674504,-1.303100402790343
6,1,16.9940901718538,21.380265421509584
7,1,18.818785143205,-3.66529495290113
8,1,52.8481370196038,8.98340083212278
9,1,-24.2222947140736,15.056029833339899
10,1,57.8231678289663,10.274292745842626
11,1,-8.57779267245965,0.3587066364678009
12,1,-21.3302128375793,3.0063444199371325
13,1,-7.63983017108824,-10.197690144290814
14,1,24.3375281983251,5.864940478570476
15,1,21.0175083196347,-10.064219980094464
16,1,5.84733782061214,-9.743548680130761
17,1,-15.449571919968,-11.476188594416051
18,1,-5.39201277779952,-7.360258527867751
19,1,56.4023496012593,13.383523666991557
20,1,22.593783063438,-4.110786794082577
21,1,-3.08996282137907,-0.3861120556269668
22,1,-15.0959242047588,-5.139230200787242
23,1,9.27697007115418,7.009039047978099
24,1,-38.9936697209952,11.474437092261908
25,1,0.0129813980173008,-2.0360118134298446
26,1,-8.45539780381264,7.844302254712947
27,1,54.3003207149641,-4.1344913733451705
28,1,49.3982151228297,13.341004514791175
29,1,13.6214103551435,7.765650197776843
30,1,-21.5138158372776,12.585221486721156
31,1,45.7206160564281,7.984752895818771
32,1,44.1084247540433,3.160118279152723
33,1,40.0146007470978,-22.1123810993031
34,1,40.3045708077241,-7.529306041713234
35,1,4.37972264079217,6.271543887937495
36,1,39.2820119450219,-4.899415349914204
37,1,58.9118136281586,-2.6091266619812075
38,1,17.2623164667609,-4.409197968641297
39,1,-16.3163644098772,19.824931441786237
40,1,42.1941206187936,-7.982238656756856
41,1,41.9547267763118,-4.767795561449699
42,1,5.75471667834309,0.6729301934398695
43,1,72.0631999034502,3.397793563876334
44,1,-10.2215923821263,2.6943727799907613
45,1,27.4984446339409,0.0006589178650990846
46,1,-58.7582354260868,-17.74165820411332
47,1,10.6472257920679,4.938532317591161
48,1,53.3185447181433,6.927624893254006
49,1,0.966982783404923,-5.332331597968302
50,1,-13.6724884127828,8.51023237946098
51,1,39.9856837571312,-8.489170643988341
52,1,-10.7115497615527,5.058549156093271
53,1,24.8138088265227,-7.378019658168494
54,1,-41.3297024476086,-20.40812047326334
55,1,-30.5770294816928,14.20958568032971
56,1,1.03280951630992,8.8020776061455
57,1,-18.171212087146,2.109028076872839
58,1,60.9507154775564,18.670969316638466
59,1,46.2760723201757,-18.896526869112066
60,1,-9.90969131553547,1.9635257158396016
61,1,34.9260997138597,-28.207160092888767
62,1,46.3004748553465,18.016566842645176
63,1,24.4574800085289,-9.95834466879203
64,1,27.6148963459398,-15.074280316986187
65,1,54.7531327841547,-9.79785421308948
66,1,0.132069615456292,-13.496734227389558
67,1,2.17861916952517,-23.302872585254
68,1,47.5187225062716,-11.184266862973175
69,1,-26.5372181612796,-1.4677684415072463
70,1,22.1445152914764,11.527752573460035
71,1,14.9662584357415,5.436498833862048
72,1,31.4142112249368,-14.285655497324072
73,1,49.7985232487504,-7.006721570023892
74,1,24.822828923735,23.752986474602675
75,1,23.6502613943866,5.507029734785055
76,2,664.595203708487,-2665.72566835454
77,2,1842.51361242958,-5926.486190298965
78,2,1198.12168646907,854.9897474509416
79,2,1308.16769538376,4050.955808377732
80,2,1378.53281163538,-6950.532582897635
81,2,1119.80418712665,-2059.969032909122
82,2,1072.45965126862,5674.625148661944
83,2,756.555340203194,-6770.609810483626
84,2,658.743673446877,6275.7196067840905
85,2,1791.21660056905,-6549.056144840415
86,2,852.371579041679,-4846.655004598102
87,2,1325.85879440679,-1754.8961338678
88,2,1341.39926788681,-4009.7802409464875
89,2,1534.40088113951,2993.0034045065768
90,2,1602.61985747065,-2423.028954940919
91,2,1262.73881997336,2635.4976706025427
92,2,1417.35622362619,-2855.1551781750113
93,2,714.903851256125,1354.8629704221248
94,2,1252.4990346618,7004.714562692747
95,2,1416.92344650096,5476.664403647066
96,2,1122.37260618445,1434.6240616703944
97,2,926.391023749284,683.0586235857918
98,2,1123.46602698854,6547.20523475452
99,2,886.823542378876,-3988.4087302370226
100,2,901.819169443418,2544.8220848507153
101,2,1401.16924761257,-2582.1572314072127
102,2,1698.66108632777,9324.608019972853
103,2,539.252897269249,-1166.9070750162387
104,2,571.753215462965,-429.78623606113433
105,2,740.433975961189,3857.8450159389577
106,2,1148.92826618339,2139.435938049486
107,2,785.345853879449,-4920.91773442061
108,2,1170.10369456553,-1460.09959250083
109,2,1122.96244042008,1389.440527600471
110,2,922.850955953917,-6914.418851214143
111,2,887.620062099465,-2976.4279638020744
112,2,655.324502349343,-1020.5257087465088
113,2,1256.63802481436,-4314.353074524061
114,2,1700.83684445961,-4217.029082021212
115,2,926.999105212179,1640.6093760820877
116,2,644.804630922032,-1306.9708516346882
117,2,850.632061424137,-1195.7640800670497
118,2,1246.97547303587,4878.853728579874
119,2,1283.38735243132,921.9845003259616
120,2,1854.9895781552,4543.761369096686
121,2,640.738573623858,4163.252336312888
122,2,1069.32774364874,2477.068128308836
123,2,992.879747549705,-1420.509409317996
124,2,673.54471234334,1858.5682950079463
125,3,23.828846878499,175.523984941501
126,3,40.289886357968,-55.11551994301662
127,3,15.719495317143,-132.85150162935938
128,3,30.9448497767025,-17.4712612853219
129,3,21.1347543210261,179.55389861642473
130,3,13.7374802484899,-251.92764309715153
131,3,35.05214986314,10.269347442029883
132,3,24.4233829171778,208.40968098316728
133,3,5.2411473325037,-32.12567227308645
134,3,15.5975366904517,100.7594965452322
135,3,19.7918819309956,-139.59377025467194
136,3,2.72599710735821,-107.3199204650154
137,3,34.1648006434366,-90.3253120149694
138,3,26.0837878580791,1.6425443021322224
139,3,16.1236572319093,-210.36987008757205
140,3,16.2178888058391,-120.97518613056991
141,3,22.6533765970848,16.785821699868222
142,3,12.2215936194583,26.86747838694211
143,3,15.750046324842,27.23248617539582
144,3,20.4962939212202,30.354884124020515
145,3,20.8282399039692,-58.00087428960167
146,3,29.3583946308026,34.680388061752154
147,3,23.1535136089588,-39.502043664997174
148,3,18.9271811088928,-113.57268383098956
149,3,16.9609954734761,20.309861387824782
150,3,30.2293326523503,-96.9191242570987
151,3,14.4053415242793,-11.78238959916878
152,3,24.5140042050813,-90.5949330284665
153,3,22.4235356465658,14.167263818781805
154,3,21.7235292541848,-207.05840796223146
155,3,27.3680239945743,108.34715987390811
156,3,12.8995848612655,45.543483887157066
157,3,19.9768558882444,81.65965834626178
158,3,18.438611006187,199.75250914873948
159,3,2.12256879004293,-33.375922964618624
160,3,23.8265838797523,19.612212821698023
161,3,32.9815361232126,-51.58812627415037
162,3,10.4314073156495,50.351606013204645
163,3,33.2760732973227,-46.73531775492043
164,3,21.636363471063,126.6409728660428
165,3,31.0878068216687,74.05927891975763
166,3,13.1375056416001,-4.7324477329195105
167,3,25.486896606949,27.293349998448463
168,3,15.3466996836429,-44.96913854493944
169,3,14.5235767230489,14.732169960505644
170,3,23.0277833767657,-10.538286312119595
171,3,30.503659276921,-134.41396823297575
172,3,22.5121721668429,31.713431909612666
173,3,15.9825186086357,-82.8008126649388
174,3,30.016916828166,-7.627743405160928
175,3,17.5747569757545,-16.716299530890254
176,3,26.4898549155584,5.578743308057653
177,3,9.92496965167293,-24.734382392120708
178,3,26.1038983135642,-33.95150388200655
179,3,13.5723716773757,-96.69748365044356
180,3,16.9649286655804,120.09333703375734
181,3,9.06804571642477,90.87450860609528
182,3,48.1543925197091,27.05400653454626
183,3,10.2948120238171,11.485809877239717
184,3,21.5548585383822,118.19589587318217
185,3,20.7549250974085,46.87532415991478
186,3,12.9720686511367,-102.27016015828629
187,3,22.083486870047,27.50786054095593
188,3,25.2616565030233,169.92557026691736
189,3,26.1263722361207,-17.01327161924185
190,3,2.11711499114263,42.03340142981369
191,3,12.7773910647641,-5.027706002543098
192,3,18.6689293213491,-93.27036292118257
193,3,19.4760046664634,-96.09029533537682
194,3,15.9548958321924,93.6293902718605
195,3,24.1622937173213,95.03600756342117
196,3,20.2856118645988,56.04652479568699
197,3,12.7144834879413,-121.81675024574079
198,3,27.314744992119,-104.15230051831415
199,3,17.3063270330777,-185.6250485529609
200,3,20.7581028539708,58.33623281706093
201,3,37.0177657311067,-62.72563900525884
202,3,21.5726758279265,189.53589833684808
203,3,12.2591620835699,-17.369096652748325
204,3,17.7208220412534,-207.35726048259124
205,3,21.3155679762089,-51.49447921439803
206,3,11.1050335158053,-45.23530661900976
207,3,4.56508144594845,59.61560433192619
208,3,16.2379131464447,-55.994639464545614
209,3,24.2751026717098,27.9849080204132
210,3,12.6316004583323,-137.89927503331847
211,3,25.4749948210012,49.35992327207612
212,3,32.1766301608886,127.34325172569599
213,3,21.5569064394943,41.509554672343455
214,3,33.5777977400674,-94.57993327293036
215,3,22.2245454897398,18.59085985812675
216,3,15.4319162972121,109.02533743587918
217,3,18.7369644800735,120.52222970591768
218,3,39.9067148279163,37.92878541500818
219,3,28.5709527522972,-32.78425734557396
220,3,22.7377526123483,139.50759970073804
221,3,21.7706194131667,-17.676029858793612
222,3,20.5469019364802,-108.57259280135338
223,3,22.459372819284,35.45060362675986
224,3,32.0690709081492,73.81641581625901
225,3,35.3220419008285,-133.9621261451468
226,3,51.4061159840785,-144.1810193310178
227,3,23.2184652369469,-22.3991306496208
228,3,29.052811475005,58.79378054371885
229,3,-9.48960083955899,-85.26503277134871
230,3,51.1424411991611,-150.64640436254513
231,3,22.1820351318456,-43.072240803736776
232,3,31.050245909486,-54.74106989358742
233,3,29.1603543036617,-61.17121986014121
234,3,35.5314281918108,-13.5284494457009
235,3,31.4260936086066,48.399477726402054
236,3,29.7799392547458,-73.52541562823092
237,3,26.1810660297051,-47.31424547562203
238,3,35.9259713212959,132.86649415657303
239,3,23.7348165004514,-34.181620161804176
240,3,33.1042366549373,25.708159777527584
241,3,-8.56699075363576,-153.69929805419721
242,3,-9.67523537762463,155.93665799217945
243,3,47.8980789217167,-142.78749298217673
244,3,20.686074344907,-109.1598987509646
245,3,29.5801448482089,-197.64013767966338
246,3,-8.4859268181026,-63.12099123195691
247,3,31.4259146661498,60.53334421016838
248,3,-5.30612172745168,82.80503078067707
249,3,38.2873892206699,27.183603730936284
250,3,24.0716958851553,-36.25332780497955
251,3,30.8569285674021,104.9419821154031
252,3,4.66498724138364,98.08847189935327
253,3,-8.50948836887255,-166.15603776686712
254,3,50.4784577027895,-62.66995284897331
255,3,-1.41979348333552,-27.057069981571075
256,3,-4.44779256172478,106.92087399854944
257,3,43.104937590193,-91.25655129781745
258,3,44.8443071637303,36.71450844601472
259,3,50.9463417176157,-64.27764575525626
260,3,47.6707025044598,150.09080039899135
261,3,9.00209159962833,-53.66110901724706
262,3,41.5557076721452,-18.33153144684283
263,3,30.795458311215,50.123328446770884
264,3,-0.302723759785295,93.26871011992372
265,3,50.7182191871107,62.83241347435789
266,3,36.5175461336039,170.22602800653374
267,3,16.2330212942325,-3.6204624288639877
268,3,1.29234868660569,-42.436425034053116
269,3,46.7108628023416,-232.79957684763434
270,3,25.7073617656715,-56.40402302576052
271,3,8.7954031880945,11.089073223789171
272,3,41.1916757761501,-1.72687432502795
273,3,4.65102642402053,-183.6720837656899
274,3,-4.30883339373395,-1.4321200876594844
275,3,16.6388605921529,-24.571755263694158
276,3,10.3393136821687,19.599097003350437
277,3,11.3278682352975,61.90950330686135
278,3,22.5078228847124,-11.884144636667216
279,3,39.3952568615787,179.06630173759362
280,3,-4.11126637039706,38.750287248322735
281,3,3.39140486856923,68.48731926154363
282,3,-0.590190197341144,-138.93040247288155
283,3,0.787593922112137,-41.2782267105536
284,3,-9.16577882645652,-43.39817148741331
285,3,31.0412593921646,113.58869050351501
286,3,12.8792355312034,-104.06985838506164
287,3,50.8872084100731,-83.48368175256721
288,3,18.5690268529579,115.55937613991551
289,3,10.2594597446732,-139.32327194024322
290,3,23.5810762033798,62.66598232783167
291,3,-1.52489622170106,-99.95872629262688
292,3,-8.3263417747803,15.330552062135837
293,3,8.50155496038496,-10.32577262337496
294,3,11.3178552240133,-46.84655759757317
295,3,9.46249808324501,17.622072258544364
296,3,10.2150699472986,-96.51380568080346
297,3,24.1514213322662,52.24315962277059
298,3,17.1429776106961,161.24604479503375
299,3,19.1547186216339,-19.540515904329126
300,3,40.9561151666567,98.29257129099608
301,3,12.3036876749247,-116.39869491512816
302,3,17.8787613636814,-185.05932849513226
303,3,-8.74409858835861,-77.49106306574429
304,3,-6.75766957690939,83.19370766277288
305,3,4.02887424919754,86.06806473739553
306,3,14.6456887009554,-174.5235565369289
307,3,-6.47249473165721,15.588548921438644
308,3,30.6209697257727,-9.595733976143066
309,3,13.931614539586,-142.35331729707883
310,3,24.3152874829248,58.378475111969394
311,3,5.15794277470559,-33.34732584569157
312,3,-2.68469140166417,-10.549347551029669
313,3,16.7668571672402,-217.9953924702254
314,3,31.9779198388569,111.68243793304619
315,3,15.5401203013025,61.3333495562689
316,3,4.30764046870172,34.19200654847157
317,3,40.9029490039684,-30.21144053135029
318,3,6.09480696404353,-33.45584680187581
319,3,-1.72390510607511,29.98489968082086
320,3,42.8246512692422,-52.83123097748995
321,3,5.76918887160718,62.414929962047154
322,3,-9.89193259971216,99.13803859534991
323,3,1.84946597507223,150.50729687753946
324,3,46.3573585865088,-67.34972508401542
325,3,17.7246601358056,5.890280033813582
326,3,48.4036953989416,23.9053313981465
327,3,28.4401964885183,-85.35917944599467
328,3,9.61801271978766,66.30644536498784
329,3,51.0552301513962,40.49107844286873
330,3,34.149633731693,-78.97190745740846
331,3,40.2617167937569,-73.28210900873319
332,3,7.09938542731106,55.54962848779073
333,3,32.9822071092203,66.89918472737342
334,3,46.0419139270671,153.83713148026897
335,3,23.7298193778843,14.352800272482853
336,3,10.0111166732386,-51.98688855517362
337,3,13.8585374196991,35.309743443270946
338,3,29.2106856950559,118.64521615036413
339,3,38.3623272064142,-5.713870769151853
340,3,43.3365316274576,-55.25816696454973
341,3,50.9685902153142,63.455320644270756
342,3,28.3285187552683,121.35609535219149
343,3,33.9048689752817,-42.13519994040013
344,3,23.5508755641058,51.61026437814681
345,3,48.109792994801,-100.0644708164301
346,3,43.6155773326755,-54.280870052253974
347,3,49.0355436825193,95.5742254894652
348,3,14.7894537067041,1.7478232057786158
349,3,9.61215537134558,-0.3754880805159644
350,3,3.55357838468626,49.63913736894057
351,3,12.0833168635145,-133.10129843042452
352,3,-9.30903268558905,-144.82145681861203
353,3,8.77788960654289,19.901594693045553
354,3,49.3372985655442,131.8806731596485
355,3,30.5661842031404,-17.148012236949583
356,3,19.3938658898696,-27.03801620648322
357,3,13.3386295232922,-176.8737277887709
358,3,42.9712139759213,-156.83565827171378
359,3,5.29973023245111,-20.500293626960556
360,3,33.1043807356618,-173.75227365594623
361,3,48.8185536363162,-13.438100340465226
362,3,31.5844424534589,190.82043399870912
363,3,5.30278371600434,-9.723574931031749
364,3,11.3631017538719,90.1333752653214
365,3,13.3808878902346,-91.44925522211287
366,3,-4.17257263930514,-192.48715465755117
367,3,6.18669277522713,189.50889601566095
368,3,13.4407813278958,141.65670603317503
369,3,35.7178721283562,122.16234492358613
370,3,47.2280316348188,-91.53372283016701
371,3,21.6145464419387,61.88784205005692
372,3,51.5090392362326,-68.31191352032201
373,3,26.5818615639582,62.4836998583728
374,3,11.7333772056736,22.167701384153446
375,3,14.974511503242,-149.30572282867038
376,3,-6.81944911368191,-72.72631752323792
377,3,21.5991039648652,-303.21184926294404
378,3,0.297676339745522,95.82847210657889
379,3,-3.38815668318421,26.193604383417437
380,3,-3.20235260017216,93.38309621563417
381,3,-2.93735358910635,-50.73244236915842
382,3,39.6739991903305,132.16700405291522
383,3,27.6717890975997,182.4497818176281
384,3,39.9184389025904,3.414364037656455
385,3,49.4042143975385,88.53362058352018
386,3,47.1354955909774,6.94274878325416
387,3,-1.10615705791861,139.77267287345614
388,3,42.2214060337283,-63.11141615807684
389,3,18.1928424746729,-70.64260235415213
390,3,13.0217132079415,-128.86195467708083
391,3,6.11183477658778,48.92166404682658
392,3,8.47394192777574,28.49878599287186
393,3,41.2465631989762,-13.485120639611551
394,3,28.465647270903,-144.77139485718467
395,3,50.2947406754829,34.31541911152286
396,3,11.3877612687647,-37.2816865395972
397,3,-0.253796292934567,117.67151491207423
398,3,9.94852444669232,36.89062108745554
399,3,33.8860187819228,-51.476512741380816
400,3,35.0360849690624,-96.07285764755282
401,3,21.8370275790803,81.95846378157268
402,3,-7.11733001377434,-76.62270292644706
403,3,13.316103214398,50.017210675240364
404,3,0.312051455955952,-12.709963126914843
405,3,28.0391729744151,-33.21736489464139
406,3,13.327079044655,28.77396470220856
407,3,12.6470920643769,36.71629484000621
408,3,12.1925565274432,-54.04169197154583
409,3,23.8782842648216,67.85089539544549
410,3,11.1240437403321,36.16681265907758
411,3,33.7982498886995,143.15382911360825
412,3,18.111356748268,-140.15897100421606
413,3,44.1679925313219,-108.52901224918169
414,3,36.7117536985315,4.325368707887748
415,3,-3.83255034312606,23.305682523892415
416,3,17.5840287450701,103.95739265650721
417,3,40.9121954902075,-30.677810330606064
418,3,14.1328221382573,-49.58411237181724
419,3,2.32257588626817,160.2718881550738
420,3,39.5895611443557,-39.369309709650906
421,3,-5.16987986909226,-69.90883722575573
422,3,-7.53335038106889,-97.37689229355956
423,3,-9.76183088123798,-101.24784134447552
424,3,-1.32882588542998,-58.57736432683309
425,3,39.4866034057923,152.5679704321759
426,3,25.1345125683583,1.7316365109155498
427,3,51.4595780889504,4.99029531150498
428,3,4.29730491060764,59.284078089368876
429,3,21.3455213843845,37.2857971729851
430,3,18.9934918722138,3.56101327204874
431,3,-6.82622471870854,226.89098093257473
432,3,33.0609338218346,34.56370052165619
433,3,32.6284254286438,-68.40496457755094
434,3,3.44138800352812,214.09763994091043
435,3,-0.448348043486476,-70.6018916045419
436,3,24.1616225824691,63.56138739486528
437,3,43.4604482683353,-221.6648462864622
438,3,51.5293877189979,-129.4237003664447
439,3,-2.11027530301362,113.49374692151682
440,3,38.8533762432635,44.51108798779771
441,3,20.6110515217297,127.47481900817621
442,3,26.4830209454522,174.04438062167674
443,3,28.2511646999046,-19.725519001730945
444,3,3.71879761805758,-111.47797008283322
445,3,51.9574846955948,99.32383186083275
446,3,23.1136209373362,33.22412664545524
447,3,23.2044777572155,5.7238155913196636
448,3,33.9539219299331,1.1117413443534758
449,3,34.3914295965806,-200.160172501566
450,3,42.5068364883773,15.743971852825581
451,3,33.4922698359005,-41.54674913625415
452,3,50.6681911144406,58.86604765111821
453,3,10.4377393666655,84.19240866847571
454,3,33.1792186545208,26.52828685542144
455,3,5.53344158222899,1.0479279906302281
456,3,1.08856456773356,71.95643324902747
457,3,51.0323164947331,-139.32376360447586
458,3,0.943061903119087,-79.62802172526051
459,3,34.8690705946647,60.938140861864696
460,3,28.0438181306235,73.12501576561357
461,3,11.7288668048568,126.5855176727992
462,3,24.5367178744636,48.24124144172961
463,3,37.3785881628282,-4.787657258374082
464,3,31.5276819523424,-102.7436043246842
465,3,49.284270579461,-160.42262779137846
466,3,22.0944283204153,123.71319622365232
467,3,43.2493759542704,67.63651123162387
468,3,42.1611187378876,-54.73210419619261
469,3,38.4557653968222,-84.33245822722517
470,3,24.0224224859849,109.92821937919408
471,3,22.2905518948101,-82.46130016066465
472,3,7.52153289923444,142.62405349209516
473,3,-1.36654616426677,41.61453656067414
474,3,19.0207281960174,136.80079478853443
475,3,20.7809496326372,231.5203641150779
476,3,19.9199279430322,198.53042045466597
477,3,50.6889721858315,84.96109546384216
478,3,44.0903409458697,-70.61981832246883
479,3,-1.7674169940874,-82.63801407132608
480,3,-5.81024625245482,-117.959381266429
481,3,44.0947844525799,174.4819881909749
482,3,-7.70938926702365,57.254920044147696
483,3,6.69739438826218,170.78569171649204
484,3,29.2829784476198,73.51755473593587
485,3,-9.12366918846965,-102.61101084059803
486,3,51.8060119557194,-164.1592830989132
487,3,-3.05276304343715,-97.42855528742251
488,3,44.3002343126573,-13.568916255649953
489,3,19.8792626778595,134.85221258128166
490,3,-8.5707082268782,-52.64624277981039
491,3,48.5942702847533,115.12714385332104
492,3,31.4884031303227,-10.70864928374425
493,3,41.0370023106225,-33.868177416311724
494,3,27.6045854650438,-235.35706863940095
495,3,39.3847546456382,177.1976716083808
496,3,-6.99668119475245,-71.7426503396348
497,3,42.5279458374716,86.62849928702903
498,3,23.7995126000606,160.61402305703555
499,3,9.65104802930728,74.40852861487221
500,3,37.6982295829803,59.6582894407517
501,4,8.0,-2.2737367544323206e-13
502,4,1.0,-9.947598300641403e-14
503,4,30.0,-2.2737367544323206e-13
504,4,5.0,-1.1368683772161603e-13
505,4,19.0,-2.2737367544323206e-13
506,4,4.0,-1.1368683772161603e-13
507,4,22.0,-2.2737367544323206e-13
508,4,15.0,-2.2737367544323206e-13
509,4,13.0,-2.2737367544323206e-13
510,4,32.0,-4.547473508864641e-13
511,4,23.0,-2.2737367544323206e-13
512,4,29.0,-2.2737367544323206e-13
513,5,0.0,-8.967409971878514
514,5,3.75,-7.049474086196124
515,5,7.5,-5.164354615270044
516,5,11.25,-3.344306475901684
517,5,15.0,-1.6204711963683138
518,5,18.75,-0.02234407624017365
519,5,22.5,1.422730486372787
520,5,26.25,2.690026865053886
521,5,30.0,3.757861267402987
522,5,33.75,4.607962750736286
523,5,37.5,5.225785842981287
524,5,41.25,5.600759419736686
525,5,45.0,5.726467579141886
526,5,48.75,5.600759419736685
527,5,52.5,5.225785842981285
528,5,56.25,4.607962750736284
529,5,60.0,3.757861267402985
530,5,63.75,2.690026865053884
531,5,67.5,1.4227304863727852
532,5,71.25,-0.022344076240164767
533,5,75.0,-1.6204711963683058
534,5,78.75,-3.3443064759016856
535,5,82.5,-5.164354615270046
536,5,86.25,-7.049474086196115
537,5,90.0,-8.967409971878514
538,6,0.2655086631421,-0.38643867755246086
539,6,0.37212389963679,-0.3386616449940334
540,6,0.572853363351896,-0.34264186764653104
541,6,0.908207789994776,0.5020527921457321
542,6,0.201681931037456,-1.0233397315562105
543,6,0.898389684967697,0.6802147022297547
544,6,0.944675268605351,-0.9680308860917819
545,6,0.660797792486846,-0.10794328528834107
546,6,0.62911404389888,0.47662339949500687
547,6,0.0617862704675645,-0.0735712476973962
548,6,0.205974574899301,0.6750872561689958
549,6,0.176556752528995,-0.20208315949900424
550,6,0.687022846657783,0.6340838562410491
551,6,0.384103718213737,1.0527872569736616
552,6,0.769841419998556,-0.5157882804797556
553,6,0.497699242085218,-1.256284254053626
554,6,0.717618508264422,0.19371176078092223
555,6,0.991906094830483,0.05928717408599837
556,6,0.380035179434344,-0.5780657816837036
557,6,0.777445221319795,-0.2540416760722852
558,6,0.934705231105909,-0.3853440362538594
559,6,0.212142521282658,0.6009767752500945
560,6,0.651673766085878,1.2633129442668345
561,6,0.125555095961317,0.8196630103932122
562,6,0.267220668727532,-0.5255663991622312
563,7,3.56879334338009,-0.18945888111234765
564,7,3.45735788252205,-2.75253960004207
565,7,1.55995817389339,1.8345029627469556
566,7,3.10928279533982,0.0771528574855509
567,7,3.84247198887169,-3.8777519991892184
568,7,1.7386379390955,1.9687220466349586
569,7,2.85005871485919,-1.3829747891636153
570,7,1.599977475591,0.6932974242168832
571,7,1.30140860751271,1.6574249819569893
572,7,3.02834859210998,0.16138687684335906
573,7,0.810769020579755,-1.4980358067973523
574,7,2.84448488987982,0.7439494222833183
575,7,0.486767684109509,-3.1259373963199453
576,7,0.981954055838287,0.44183912042432527
577,7,0.573217517696321,-3.227104844357219
578,7,0.95851766038686,0.46880886943257627
579,7,0.235737509094179,-3.7098991266877377
580,7,2.56915303412825,1.7014807269493009
581,7,3.50507685076445,-2.220422427810856
582,7,3.11565870977938,0.056024646211508156
583,7,3.18923530355096,-1.1889561587784172
584,7,1.82109781447798,2.095390422741265
585,7,1.64033632818609,2.682663923615933
586,7,3.24348097108305,0.29749262061553594
587,7,2.41973316110671,2.0743855832034477
588,7,2.61889571230859,1.4006106721754499
589,7,1.41278908774257,0.6738719575209275
590,7,1.08104058355093,-0.8534209025617061
591,7,2.0,1.482795026056193
592,7,2.1,3.5147017917061696
593,8,0.779984889784828,-0.5864305727154722
594,8,0.880619034869596,0.031601969580017514
595,8,0.413124209502712,-0.9384648580122728
596,8,0.0638084805104882,0.9232364144383379
597,8,0.335487491684034,-1.0544688187103306
598,8,0.723725946620107,1.6799051671110918
599,8,0.337615333497524,-0.2753577021853886
600,8,0.630414122482762,1.77405209903386
601,8,0.840614554006606,-0.409793431797158
602,8,0.856131664710119,-0.9764277897597989
603,8,0.39135928102769,0.2269362947349664
604,8,0.380493885604665,0.23383746262562918
605,8,0.895445425994694,-1.7017227736961715
606,8,0.644315762910992,1.1433533032212466
607,8,0.741078648716211,-1.07282102881494
608,8,0.605303446529433,0.4424853366929009
609,8,0.903081611497328,0.4698761680850888
610,8,0.293730155099183,0.38281387231155506
611,8,0.19126010988839,0.1713193206240407
612,8,0.886450943304226,0.18012490055722846
613,8,0.503339485730976,-0.9166983795795776
614,8,0.877057543024421,-0.8166153406261344
615,8,0.189193622441962,-0.8227392242671321
616,8,0.758103052387014,1.6193352666539782
617,8,0.724498892668635,1.5519345418395107
618,8,0.943724818294868,0.21973838969478032
619,8,0.547646587016061,-1.1005158681518692
620,8,0.711743867723271,0.056037240252941184
621,8,0.388905099825934,1.714311857289233
622,8,0.100873126182705,-0.14558435751021376
623,8,0.927302088588476,0.7622775784363127
624,8,0.283232500310987,-0.7245954489072537
625,8,0.59057315881364,0.8027600100649971
626,8,0.110360604943708,-0.6299240512117477
627,8,0.840507032116875,-1.2289330167504882
628,8,0.317963684443384,-0.7228557543300277
629,8,0.782851336989552,-0.8414921426500821
630,8,0.267508207354695,-0.6543144676688095
631,8,0.218645284883678,1.0192677907849539
632,8,0.516796836396679,0.21455004331219504
633,9,1.0620346525684,3.0747250733381994
634,9,1.48849559854716,-0.575426911504374
635,9,2.29141345340759,-1.5828168954430504
636,9,3.6328311599791,-9.008070512491813
637,9,0.806727724149823,-2.253287368695559
638,9,3.59355873987079,0.4602982269801563
639,9,3.77870107442141,5.046606507409188
640,9,2.64319116994739,-1.5408077995880112
641,9,2.51645617559552,0.9918398644012663
642,9,0.247145081870258,0.2232174397104995
643,9,0.823898299597204,-6.758721155317902
644,9,0.706227010115981,-1.8737916773891727
645,9,2.74809138663113,-3.064826482492567
646,9,1.53641487285495,-0.6217313890268042
647,9,3.07936567999423,4.196719674357002
648,9,1.99079696834087,3.2026325637264383
649,9,2.87047403305769,-1.9935862423412547
650,9,3.96762437932193,-3.133378491666331
651,9,1.52014071773738,3.1699704121327645
652,9,3.10978088527918,1.460625331730462
653,9,3.73882092442364,-5.16528539854259
654,9,0.848570085130632,-3.426541259387834
655,9,2.60669506434351,0.8191794618570785
656,9,0.50222038384527,4.17318754518111
657,9,1.06888267491013,-0.5904764261699089
658,9,1.54445637017488,4.075275855123056
659,9,0.0535613326355815,2.605505643066135
660,9,1.52955182828009,-3.3809451482289807
661,9,3.47876338288188,0.1489700298796972
662,9,1.36139598675072,-5.861016554497762
663,9,1.92832046188414,6.591482919655413
664,9,2.39826330170035,9.030416497982102
665,9,1.97416522819549,-2.4388089086325317
666,9,0.744870405644178,-5.043992204987508
667,9,3.30949327442795,1.399288271724295
668,9,2.67386695276946,-1.7215908665323403
669,9,3.17695944290608,10.64280641425973
670,9,0.431774503551424,0.1789861434792932
671,9,2.89484378416091,2.2622779399497626
672,9,1.64509771857411,-0.25405937878489837
673,9,3.28378517646343,-5.149376776377657
674,9,2.5882407752797,-0.04806868884261606
675,9,3.13173104915768,-10.36140038025507
676,9,2.21214524656534,6.57419160390387
677,9,2.11887832079083,0.07181594154312432
678,9,3.15742492675781,9.51016099831004
679,9,0.0933248093351722,2.967313533064112
680,9,1.90892026014626,-4.111067865073487
681,9,2.0,2.4345507954259933
682,9,2.1,-5.352969905920824
683,10,0.419950561597943,-1.1205893965436293
684,10,3.45817979611456,-0.3628115842580866
685,10,2.45857988670468,-0.5089321851421482
686,10,2.22863815538585,0.17463353601486098
687,10,1.31510927621275,-0.8021931246626555
688,10,1.81252578180283,0.29621112701838626
689,10,2.00176389049739,-0.5417754264940338
690,10,0.723465444520116,1.9594720509252777
691,10,2.11852241121233,0.870041713049186
692,10,0.301102982833982,1.0788657783568538
693,10,1.11102373059839,0.5328398725189668
694,10,0.850798076950014,1.8711381993413374
695,10,1.13916192390025,-0.5178275027039417
696,10,3.58037641178817,-0.3513453304656733
697,10,1.7849412932992,1.6088371956717453
698,10,3.11993955913931,-0.5436482046407631
699,10,3.52247613947839,-0.08914906992114746
700,10,1.65249683801085,-0.27030947986568443
701,10,0.255233922041953,-0.18796522079964198
702,10,1.34194996673614,-0.15157161745905012
703,10,2.89490378648043,0.6367659264619059
704,10,1.3504613339901,-0.04678005233892102
705,10,2.52165648993105,-0.3914222572709485
706,10,3.36245821602643,1.5086242240030865
707,10,3.42452665884048,-0.09604882099804346
708,10,1.56543712411076,-0.05020290699128149
709,10,1.52197554241866,0.03177231235981548
710,10,3.58178170397878,0.8581876511162365
711,10,2.57726305164397,0.05365029521873721
712,10,2.96431459486485,0.08862388905026997
713,10,2.42121378611773,-0.571868384907253
714,10,3.61232644598931,-0.21001758473628884
715,10,1.17492062039673,0.1987583320572056
716,10,0.765040439553559,-0.46761369734393443
717,10,3.5458037732169,0.6717715521289218
718,10,2.0133579429239,-1.4315600919153104
719,10,3.50823017209768,0.4402825768747842
720,10,0.756774489767849,-1.443552244575025
721,10,3.03241220954806,-0.1829762817406153
722,10,2.89799557067454,-0.4163926083607812
723,10,3.77489927317947,-0.5485313964260476
724,10,2.19058634806424,0.0728505257399159
725,10,2.84697547089309,-1.8437863268431287
726,10,1.55562039930373,1.3466727321841452
727,10,0.403492504730821,-1.5740735003223154
728,10,3.7092083543539,-0.3539647799359771
729,10,1.13293000124395,-1.012383905078305
730,10,2.36229263525456,-0.6427919425621742
731,10,2.0,2.2822375706726548
732,10,2.1,0.1498478645384882
733,11,0.396676412783563,0.28951819915859756
734,11,0.475610232912004,0.01689772505349474
735,11,0.20175863802433,-0.0922898787101897
736,11,3.71701567899436,-0.1895771386668006
737,11,2.69484893139452,0.29340645440984137
738,11,0.379431421868503,1.099852652770692
739,11,1.97038448322564,0.4641719355659819
740,11,1.84620736259967,0.5631525759966407
741,11,1.50086612347513,-0.6322052869899935
742,11,3.96439687814564,0.30235668935618243
743,11,0.705402854830027,0.14929511017524755
744,11,3.25374083407223,-0.8732969990455208
745,11,0.273786548525095,0.3301624067378711
746,11,1.60179898701608,-0.1030107765272672
747,11,0.564577302895486,0.781518472391628
748,11,0.773239449597895,-0.34847338498461733
749,11,3.36540686711669,-0.36262169697885316
750,11,2.87965595349669,-0.576449626426534
751,11,1.06884833239019,-0.07474902808324924
752,11,1.9800065793097,0.1508057142802075
753,11,0.33245559129864,-0.30034418188560336
754,11,1.41553696244955,0.40463684391323707
755,11,3.8768352214247,-0.7874818339276768
756,11,2.49885675869882,-0.6106383390947645
757,11,2.65847299899906,0.6227206851611422
758,11,1.24995862599462,-0.5068426374560233
759,11,1.6227584509179,0.18088161165938432
760,11,3.98430948611349,-0.381527856519118
761,11,3.42032942548394,0.05332713600434591
762,11,3.81419358402491,0.6653963828180753
763,11,3.24922036938369,0.653939766394716
764,11,3.12872846331447,-0.2963445531604805
765,11,1.07151251565665,-1.129001957105852
766,11,3.04860611818731,1.1235682322085854
767,11,3.94524635653943,0.14528719123934586
768,11,1.17442219611257,0.2770507216262641
769,11,1.5974044278264,-0.030024545637394873
770,11,3.24852609541267,0.11574852952391446
771,11,0.308606676757336,-0.014982775171728413
772,11,1.45478723943233,0.19704049680165125
773,11,1.77036986872554,-0.23559788888817934
774,11,0.626856530085206,-0.6402538458238127
775,11,2.32882108073682,0.4192169364776337
776,11,3.88064871542156,0.5761641980395726
777,11,3.95799933373928,-0.34351199308241576
778,11,0.705808145925403,-0.5873406386057297
779,11,2.16852169763297,0.2576784776385317
780,11,1.53721556812525,-0.041451464204932176
781,11,2.0,-0.9182137907543129
782,11,2.1,-0.0575630276717396
783,12,0.264249049592763,5.551115123125783e-17
784,12,0.423098609549925,1.1102230246251565e-16
785,12,0.366563616320491,5.551115123125783e-17
786,12,0.942505322396755,2.220446049250313e-16
787,12,0.123723565135151,4.163336342344337e-17
788,12,0.0700326792430133,2.7755575615628914e-17
789,12,0.964317037956789,2.220446049250313e-16
790,12,0.442510108230636,1.1102230246251565e-16
791,12,0.370272380299866,5.551115123125783e-17
792,12,0.170243580127135,2.7755575615628914e-17
793,12,0.0541904293932021,2.7755575615628914e-17
794,12,0.657828069292009,1.1102230246251565e-16
795,12,0.578161916695535,1.1102230246251565e-16
796,12,0.987101763952523,2.220446049250313e-16
797,12,0.603792401496321,1.1102230246251565e-16
798,12,0.0649499187711626,2.7755575615628914e-17
799,12,0.16210908186622,2.7755575615628914e-17
800,12,0.475397920468822,1.1102230246251565e-16
801,12,0.00193283474072814,1.1275702593849246e-17
802,12,0.441459143068641,1.1102230246251565e-16
803,12,0.260929737240076,5.551115123125783e-17
804,12,0.938413745490834,2.220446049250313e-16
805,12,0.715833283727989,1.1102230246251565e-16
806,12,0.163085478357971,2.7755575615628914e-17
807,12,0.476188018452376,1.1102230246251565e-16
808,12,0.690256722969934,1.1102230246251565e-16
809,12,0.460895179538056,1.1102230246251565e-16
810,12,0.95514673832804,2.220446049250313e-16
811,12,0.712540122447535,1.1102230246251565e-16
812,12,0.397147933254018,1.1102230246251565e-16
813,12,0.117720612091944,4.163336342344337e-17
814,12,0.24011627305299,5.551115123125783e-17
815,12,0.863630566513166,2.220446049250313e-16
816,12,0.435976401669905,1.1102230246251565e-16
817,12,0.497868051985279,1.1102230246251565e-16
818,12,0.691927672130987,1.1102230246251565e-16
819,12,0.760313281789422,2.220446049250313e-16
820,12,0.155401222640648,2.7755575615628914e-17
821,12,0.849457093048841,2.220446049250313e-16
822,12,0.946817819029093,2.220446049250313e-16
823,12,0.588419190375134,1.1102230246251565e-16
824,12,0.502250815276057,1.1102230246251565e-16
825,12,0.189779917709529,5.551115123125783e-17
826,12,0.00183685822412372,1.1275702593849246e-17
827,12,0.877578062238172,2.220446049250313e-16
828,12,0.134111337829381,2.7755575615628914e-17
829,12,0.0227412241511047,1.3877787807814457e-17
830,12,0.939136706059799,2.220446049250313e-16
831,12,0.292948722839355,5.551115123125783e-17
832,12,0.164326574420556,2.7755575615628914e-17
833,13,1.59641022328287,1.4300580255464053
834,13,1.83830164838582,-5.006111969874139
835,13,1.73612339422107,12.585597930431577
836,13,2.06803930550814,-0.1614572251850409
837,13,3.38498301059008,3.5934887358708845
838,13,0.220657145604491,-10.821588247476122
839,13,2.21670824475586,2.637502038362294
840,13,2.75310095027089,-8.103290682957834
841,13,2.63223021477461,3.1793843158169954
842,13,2.65337090101093,0.5531012222309231
843,13,1.88893681019545,-2.8273797147068347
844,13,3.87811266444623,4.145847297120027
845,13,1.60878825094551,-4.0584858090672284
846,13,3.39820841513574,-4.971826871731303
847,13,3.02657962962985,-6.759182812136182
848,13,2.13040487747639,-4.335259775572003
849,13,3.49659864325076,2.573789509942412
850,13,1.86846046242863,1.3961264245576952
851,13,0.0325138214975595,5.809268093621422
852,13,2.91106801852584,-3.606525960163914
853,13,2.86635791510344,0.2638079905922463
854,13,0.749705484136939,1.396519058256087
855,13,2.58426910731941,-8.510276578646627
856,13,2.16791711933911,7.865990286450202
857,13,1.34128303918988,0.3466057072050729
858,13,2.55163489282131,2.476660698132077
859,13,3.31680425535887,2.7759132508649844
860,13,2.83590079378337,-1.8450613642826514
861,13,1.39420140348375,-1.89955488413743
862,13,0.513311499729753,4.8443928858899605
863,13,1.55231395550072,-5.740959578699103
864,13,3.71271019335836,7.521409901239885
865,13,3.21756308525801,-3.8338296356596886
866,13,3.03478722833097,6.509949149291376
867,13,3.82899955566972,5.127238074552412
868,13,3.9756555147469,-2.1432789895882793
869,13,2.42576397862285,1.5914384411599722
870,13,0.117508661933243,-4.411298499040823
871,13,1.3457814315334,1.2855877958587982
872,13,1.11063234694302,5.087892531408074
873,13,0.468790200538933,0.9091459794293566
874,13,0.172873036004603,-1.6061586837796589
875,13,1.48123914282769,-3.723146390309752
876,13,1.34751323517412,-0.5105244336534179
877,13,0.694610213860869,5.568191726276449
878,13,2.4870931180194,-3.716513607516305
879,13,1.59137450996786,-1.1426209026249272
880,13,3.82270307466388,-8.89918951858704
881,13,2.0,1.587707868884773
882,13,2.1,5.570907196403919
883,14,4.15496356487274,2.5950696541894853
884,14,-2.86096303313971,-0.6003130609103886
885,14,2.80683605745435,2.2811709309868133
886,14,-2.64354711547494,5.632026707835543
887,14,-4.50473691746592,4.4248080836429855
888,14,3.47552679553628,1.891068839071252
889,14,1.77703204974532,1.0297789053151756
890,14,4.24391913190484,-0.7329876701931628
891,14,1.68819610029459,4.625168132000911
892,14,3.29395342469215,1.651239845294866
893,14,-1.32581582441926,-3.5748890108564533
894,14,-1.0332875020802,-0.5263607025842933
895,14,0.649799016863108,-5.846512199006777
896,14,-3.88653951734304,-0.5937594158745534
897,14,-2.93967291265726,-7.802039912111731
898,14,0.84543737322092,3.8486959864975194
899,14,2.41444001421332,-2.0282319827946496
900,14,3.52549235746265,-1.4315741396179975
901,14,-1.23076092302799,-0.5638272277907382
902,14,2.86861967593431,1.7068617141157096
903,14,-4.24018183127046,2.0334145794326526
904,14,1.18498281016946,1.6044226737744491
905,14,-1.37624249607325,-1.7708766995610405
906,14,0.844108150899411,-4.183160315217716
907,14,3.97233256325126,-1.315861838655635
908,14,-2.88535504415631,0.8077060280383233
909,14,-1.25679721087217,-2.524646105790679
910,14,1.64551994651556,-0.3142605140585959
911,14,2.57418768703937,-3.6274705494012145
912,14,0.213583450019359,-0.10684388364215222
913,14,3.1495201729238,0.2517081617650141
914,14,0.26012346893549,-0.5203829421982106
915,14,0.0168463200330731,-0.5701021210717333
916,14,-0.768256129324437,5.226443829427727
917,14,-1.32193648070097,2.233531396169949
918,14,-3.61508246138692,3.3214154148602395
919,14,-1.93764931708574,-2.812746383700533
920,14,-2.14390569850802,0.45361923261441683
921,14,2.59416341409087,3.339631785309196
922,14,2.67054050043225,-0.2957852913558465
923,14,-3.41964210569859,-6.404483978560562
924,14,0.149051045626402,0.9537841022142752
925,14,0.933508660644293,-5.809764965038472
926,14,0.0560930304229261,-2.512587412193296
927,14,-1.09344352260232,3.9136646073598493
928,14,-0.709458231925964,1.7816381174636675
929,14,-4.68710654675961,3.2814599203673183
930,14,4.02558499574661,0.7691592239433889
931,14,-4.03737894594669,-0.33573920832396764
932,14,0.070792845636606,-2.8522803411803324
933,15,0.944410233525559,-0.589838677727963
934,15,0.342743474291638,0.19075656976980682
935,15,0.517950570676476,-1.543041918170002
936,15,0.625245335279033,0.7620233299218713
937,15,0.23726485366933,1.8918890199050162
938,15,0.516123914392665,-1.4204430852813905
939,15,0.806541827740148,-0.6280347519156955
940,15,0.348264734493569,-0.3865943090413766
941,15,0.858687452971935,-0.5413231745210378
942,15,0.034438761183992,-1.7081355994673841
943,15,0.970997145865113,0.6155176550293859
944,15,0.745110136223957,-1.3664507578764775
945,15,0.273255241801962,0.24645173064189452
946,15,0.677106101531535,0.7736235907025364
947,15,0.347947468049824,0.056458544225239216
948,15,0.947020521620288,1.0119539073627042
949,15,0.338623774936423,0.23103543418329187
950,15,0.0317132039926946,-0.32189758162321847
951,15,0.35358579759486,0.8997455376430818
952,15,0.387123587774113,-0.1879879744093591
953,15,0.356947160093114,2.0252414666555496
954,15,0.959968606010079,0.09877427836403463
955,15,0.383738204836845,1.0994210014235093
956,15,0.546337621053681,0.4152065664040778
957,15,0.925323475850746,-2.8832242543033075
958,15,0.916859527118504,-1.2393843707104342
959,15,0.24273299286142,-0.14578961228911735
960,15,0.717090838821605,0.40845150639410566
961,15,0.348946035839617,-2.0882936940757784
962,15,0.5542833507061,1.1699536080463622
963,15,0.74297241307795,-0.4385976601841364
964,15,0.819698318606243,-0.6043019060267865
965,15,0.869657265022397,-1.4182700616189
966,15,0.0358651343267411,-1.1290644782201336
967,15,0.220024403417483,0.33975077084135785
968,15,0.3669732096605,0.7597452160507281
969,15,0.305696442024782,-1.833728366016627
970,15,0.727830457501113,-0.8351290633044961
971,15,0.699728766223416,0.7113236261651243
972,15,0.910060926806182,-0.32478078073308936
973,15,0.845602609682828,2.30811899803742
974,15,0.778544640168548,1.4035759229442872
975,15,0.400843428215012,0.8382577361232242
976,15,0.576804658863693,0.2080772496189809
977,15,0.0763594461604953,0.5950844311236627
978,15,0.872974850703031,-0.5693105915538643
979,15,0.956285735592246,0.7458792781609107
980,15,0.505531079834327,1.6994334423186488
981,15,0.924366363789886,1.2084694723307852
982,15,0.134513532742858,-0.5105972213170222
983,16,0.0527368842158467,-2.0816681711721685e-17
984,16,0.411155431065708,0.0
985,16,0.456341215176508,0.0
986,16,0.415860247565433,0.0
987,16,0.670353451743722,0.0
988,16,0.756904080044478,0.0
989,16,0.911651314469054,0.0
990,16,0.819952085847035,0.0
991,16,0.0936498525552452,-1.3877787807814457e-17
992,16,0.177906081313267,-2.7755575615628914e-17
993,16,0.6422145802062,0.0
994,16,0.874282993841916,0.0
995,16,0.592313350411132,0.0
996,16,0.262432192219421,0.0
997,16,0.883752264082432,0.0
998,16,0.187689346261322,-2.7755575615628914e-17
999,16,0.488866982283071,0.0
1000,16,0.0098204871173948,-1.734723475976807e-17
1001,16,0.360434043221176,0.0
1002,16,0.442161690909415,0.0
1003,16,0.125729221384972,-2.7755575615628914e-17
1004,16,0.6243645476643,0.0
1005,16,0.302431331714615,0.0
1006,16,0.239637228194624,-2.7755575615628914e-17
1007,16,0.358629763592035,0.0
1008,16,0.89291041251272,0.0
1009,16,0.990627265069634,0.0
1010,16,0.732421197462827,0.0
1011,16,0.99278808827512,0.0
1012,16,0.53978936211206,0.0
1013,16,0.433801761828363,0.0
1014,16,0.96467367419973,0.0
1015,16,0.148319643223658,-2.7755575615628914e-17
1016,16,0.0664930557832122,-1.3877787807814457e-17
1017,16,0.0242514880374074,-1.734723475976807e-17
1018,16,0.61242324183695,0.0
1019,16,0.696608748054132,0.0
1020,16,0.801141887204722,0.0
1021,16,0.137730283895507,-2.7755575615628914e-17
1022,16,0.15978482272476,-2.7755575615628914e-17
1023,16,0.988833592971787,0.0
1024,16,0.398645695531741,0.0
1025,16,0.187911816174164,-2.7755575615628914e-17
1026,16,0.477728241123259,0.0
1027,16,0.544234022730961,0.0
1028,16,0.328157980693504,0.0
1029,16,0.999930593650788,0.0
1030,16,0.527781835990027,0.0
1031,16,0.133734508184716,-2.7755575615628914e-17
1032,16,0.438540067756549,0.0
1033,17,-0.88486361480318,5.859790407599369
1034,17,-0.437079621525481,9.702221193303933
1035,17,0.405984126077965,11.918795881609215
1036,17,1.81447271797806,-21.83310667689702
1037,17,-1.15293588964269,-5.872775767966374
1038,17,1.77323667686433,-11.030177034615157
1039,17,1.96763612814248,-13.033150431467728
1040,17,0.775350728444755,8.894989025021532
1041,17,0.642278984375298,12.846600208636248
1042,17,-1.74049766403623,-22.461173427550715
1043,17,-1.13490678542294,-9.902393057886611
1044,17,-1.25846163937822,-8.408653238279584
1045,17,0.885495955962688,5.928583743530595
1046,17,-0.386764383502304,10.247200791264548
1047,17,1.23333396399394,7.042041383648996
1048,17,0.0903368167579175,17.161952541157373
1049,17,1.01399773471057,5.010386891698074
1050,17,2.16600559828803,-28.716116818561044
1051,17,-0.403852246375754,13.843770872927728
1052,17,1.26526992954314,3.6201896155784272
1053,17,1.92576197064482,-21.76182490270176
1054,17,-1.10900141061284,-5.89791085301769
1055,17,0.737029817560688,11.699907160652732
1056,17,-1.47266859696247,-8.964486281905465
1057,17,-0.877673191344365,2.3465838078109797
1058,17,-0.378320811316371,15.038472095935179
1059,17,-1.94376060073264,-28.281710055502437
1060,17,-0.393970580305904,7.406409280181542
1061,17,1.65270155202597,-7.63550434423993
1062,17,-0.570534213911742,2.6030785459751513
1063,17,0.024736484978348,20.395827526690887
1064,17,0.518176466785371,21.889340451400578
1065,17,0.072873489605263,11.487661722098633
1066,17,-1.21788607407361,-10.431513614864793
1067,17,1.47496793814935,-1.450671021123025
1068,17,0.807560300407931,8.317514164841748
1069,17,1.33580741505139,11.215444945300575
1070,17,-1.54663677127101,-15.451874069543873
1071,17,1.03958597336896,8.83067050704856
1072,17,-0.272647395497188,11.768283815255106
1073,17,1.4479744352866,-7.305163773943953
1074,17,0.717652814043686,11.046458585124949
1075,17,1.28831760161556,-8.709408636099823
1076,17,0.322752508893609,20.389938470070085
1077,17,0.224822236830369,14.079760462081524
1078,17,1.3152961730957,10.55451472096286
1079,17,-1.90200895019807,-26.16755007045377
1080,17,0.00436627315357319,9.627641415666037
1081,17,2.0,-17.962839794627072
1082,17,2.1,-29.496026361825393
1083,18,-16.8293732599355,683.0959652167861
1084,18,6.10925746066496,102.64285500544953
1085,18,-1.43772185537964,54.98337007049847
1086,18,-3.17378192683682,-57.7219661927939
1087,18,-10.0709249645937,-656.8726101123041
1088,18,-6.31543034738861,-377.4272305511216
1089,18,-4.88668262674473,-333.92982059964277
1090,18,-14.5378358938731,253.22367889730208
1091,18,-4.00515579534695,-71.7670422544669
1092,18,-17.7266724796034,1360.0416417185513
1093,18,-11.6117708339822,-416.60410798785233
1094,18,-13.5764745190274,21.32179598210746
1095,18,-11.3993274745531,-557.208142117193
1096,18,7.03184190900065,-61.86394747107528
1097,18,-6.52369323559105,-242.43748370983712
1098,18,3.5555436715018,303.6283789336936
1099,18,6.59469485306181,53.574380830472165
1100,18,-7.5236488730181,-534.9728560683686
1101,18,-18.0729838885833,1393.1770048862381
1102,18,-9.86827775114216,-584.6012979516125
1103,18,1.85652358792722,433.38586932296744
1104,18,-9.80401692837477,-573.173091518418
1105,18,-0.961493501020595,116.77273445017289
1106,18,5.38655953099951,416.6649371536286
1107,18,5.8551762742456,170.72636604354292
1108,18,-8.18094971296378,-544.3921072510717
1109,18,-8.50908465473913,-547.7493880223317
1110,18,7.04245186503977,76.84643148131356
1111,18,-0.541663960088044,208.37289372075185
1112,18,2.38057519122958,382.87589766908803
1113,18,-1.71983591481112,17.89941717982464
1114,18,7.27306466721929,-97.29886808057253
1115,18,-11.1293493160047,-493.70243428608387
1116,18,-14.2239446813706,-108.47326218503974
1117,18,6.77081848778762,109.42067125895777
1118,18,-4.79914753092453,-428.151095002989
1119,18,6.48713779933751,134.3783738419019
1120,18,-14.2863526022527,-207.00070157793368
1121,18,2.89471218208782,355.1873352201782
1122,18,1.87986655859277,311.47087082150983
1123,18,8.50048951250501,-459.96079284256734
1124,18,-3.46107307211496,-102.53054771819927
1125,18,1.49466480524279,130.1272306000456
1126,18,-8.25506598525681,-384.8461844577366
1127,18,-16.9536315892823,684.5340609114229
1128,18,8.00452307537198,-294.4337464858488
1129,18,-11.4463784906082,-610.9866783296964
1130,18,-2.16469060382806,-38.79039483548371
1131,18,2.0,629.0735619503341
1132,18,2.1,383.47007444350743
1133,19,-0.504154484020546,0.324009170390573
1134,19,-0.405487208859995,0.2872167037716339
1135,19,-0.747801702469587,0.372843992850616
1136,19,3.64626959874295,0.05484293650615668
1137,19,2.36856116424315,0.13656039005083764
1138,19,-0.525710722664371,0.4064859542629966
1139,19,1.46298060403205,0.7452912078249663
1140,19,1.30775920324959,0.6012980970977142
1141,19,0.876082654343918,-0.8602363362814129
1142,19,3.95549609768204,-0.043620762476310304
1143,19,-0.118246431462467,0.15273489824157715
1144,19,3.06717604259029,0.14482274070450218
1145,19,-0.657766814343631,0.34710518392855794
1146,19,1.0022487337701,0.8501648369205209
1147,19,-0.294278371380642,0.23562399610169849
1148,19,-0.0334506880026311,0.2104171569808263
1149,19,3.20675858389586,0.015825189334498724
1150,19,2.59956994187087,-0.06680199874812343
1151,19,0.336060415487736,-0.7999885912559771
1152,19,1.47500822413713,0.605313567610626
1153,19,-0.5844305108767,0.40354096351018287
1154,19,0.769421203061938,-0.9958070768870333
1155,19,3.84604402678087,-0.11305776484137331
1156,19,2.12357094837353,0.1376152799928032
1157,19,2.32309124874882,-0.07435568970848672
1158,19,0.562448282493278,-0.8418577844652916
1159,19,1.02844806364737,0.7141954538622144
1160,19,3.98038685764186,-0.034849075639594496
1161,19,3.27541178185493,0.1885774221071208
1162,19,3.76774198003113,0.08872310237127734
1163,19,3.06152546172962,0.08539837176102627
1164,19,2.91091057914309,-0.27503289261917807
1165,19,0.339390644570813,-0.6518237678936321
1166,19,2.81075764773414,-0.046583800524573116
1167,19,3.93155794567429,-0.016299156080372468
1168,19,0.468027745140716,-0.8543017701014742
1169,19,0.996755534783006,-0.9165700632333108
1170,19,3.06065761926584,0.09738535590128738
1171,19,-0.61424165405333,0.3800603429955589
1172,19,0.818484049290419,-0.9476779230077695
1173,19,1.21296233590692,0.6092656618451343
1174,19,-0.216429337393492,0.34551133763464004
1175,19,1.91102635092102,0.6831680498703652
1176,19,3.85081089427695,-0.06146795240667169
1177,19,3.9474991671741,-0.14671502069483133
1178,19,-0.117739817593247,0.302413504597969
1179,19,1.71065212204121,0.6097760043808396
1180,19,0.92151946015656,-1.0616966876234863
1181,19,2.38082025409676,-0.012936199469865794
1182,19,0.34646889870055,-0.8752402653345445
1183,19,0.0,-0.289537618305771
1184,19,0.0,-0.347445486882828
1185,19,1.0,0.1746251305595643
1186,19,1.0,0.023091680513647184
1187,20,0.2655086631421,0.9992057367494054
1188,20,0.37212389963679,0.23500227930188178
1189,20,0.572853363351896,1.844791791100283
1190,20,0.908207789994776,-3.6556547589911794
1191,20,0.201681931037456,1.8844135504514563
1192,20,0.898389684967697,1.1693716620468138
1193,20,0.944675268605351,-3.141908787953862
1194,20,0.660797792486846,-0.6619417123858069
1195,20,0.62911404389888,1.948993217523883
1196,20,0.0617862704675645,-2.5000047121588347
1197,20,0.205974574899301,3.3872860165506893
1198,20,0.176556752528995,-0.6313094605326013
1199,20,0.687022846657783,1.7511034547892157
1200,20,0.384103718213737,1.2510156929517802
1201,20,0.769841419998556,-1.1719955445881283
1202,20,0.497699242085218,1.737631535363703
1203,20,0.717618508264422,-2.244771316684546
1204,20,0.991906094830483,-1.2870600709605533
1205,20,0.380035179434344,1.4205276993377618
1206,20,0.777445221319795,3.1170561753375985
1207,20,0.934705231105909,-1.700435494824756
1208,20,0.212142521282658,-1.209534224117355
1209,20,0.651673766085878,1.8792253289357923
1210,20,0.125555095961317,-2.6750924911213434
1211,20,0.267220668727532,-1.4627519629976247
1212,20,0.386114092543721,1.6550119129693943
1213,20,0.0133903331588954,-3.847672006628248
1214,20,0.382387957070023,1.2030065345210366
1215,20,0.86969084572047,-1.2430191865640365
1216,20,0.34034899668768,0.09249974663788496
1217,20,0.482080115471035,0.5982999473875612
1218,20,0.599565825425088,1.0327968700891645
1219,20,0.493541307048872,3.221690775409078
1220,20,0.186217601411045,-2.7366416164236878
1221,20,0.827373318606988,0.13495505874220015
1222,20,0.668466738192365,1.351623877801531
1223,20,0.79423986072652,1.257347923927763
1224,20,0.107943625887856,-1.9966244871622516
1225,20,0.723710946040228,0.9626803487202089
1226,20,0.411274429643527,1.7153292301546728
1227,20,0.820946294115856,-1.4851018540897751
1228,20,0.647060193819925,2.8034404060424816
1229,20,0.78293276228942,1.5361246231779964
1230,20,0.553036311641335,2.4373582602123385
1231,20,0.529719580197707,3.810621940352295
1232,20,0.789356231689453,0.5584223496661895
1233,20,0.023331202333793,-4.90812772740545
1234,20,0.477230065036565,0.5884443495340088
1235,20,0.7323137386702,-1.509478095260513
1236,20,0.692731556482613,-0.03812570483995703
1237,20,0.477619622135535,0.5180650014721042
1238,20,0.8612094768323,-1.1656517616530975
1239,20,0.438097107224166,0.023648689766568864
1240,20,0.244797277031466,0.4404573928523332
1241,20,0.0706790471449494,-3.126812494667129
1242,20,0.0994661601725966,0.9779232775439275
1243,20,0.31627170718275,1.8913862382887467
1244,20,0.518634263193235,2.808607930036869
1245,20,0.662005076417699,1.4724984384282713
1246,20,0.406830187188461,3.822681267801026
1247,20,0.912875924259424,-2.9928227568586587
1248,20,0.293603372760117,-0.04840154745748482
1249,20,0.459065726259723,3.577317100042258
1250,20,0.332394674187526,-0.049707703314904705
1251,20,0.65087046707049,0.6570887237300616
1252,20,0.258016780717298,-0.25703514528832283
1253,20,0.478545248275623,0.9692489643341391
1254,20,0.766310670645908,-0.4371772475132847
1255,20,0.0842469143681228,-1.1770953465708738
1256,20,0.875321330036968,-1.7055675819759983
1257,20,0.339072937844321,0.20992296139188582
1258,20,0.839440350187942,1.0952106534911623
1259,20,0.34668348915875,0.6932735845011662
1260,20,0.333774930797517,0.6659367544254131
1261,20,0.476351245073602,1.297419215435128
1262,20,0.892198335845023,-0.6330734320564426
1263,20,0.864339470630512,-1.3852280133910648
1264,20,0.389989543473348,1.1779571210565765
1265,20,0.777320698834956,-1.162945106991904
1266,20,0.960617997217923,-3.3693812271503134
1267,20,0.434659484773874,1.4722226529430662
1268,20,0.712514678714797,-0.3757305832649225
1269,20,0.399994368897751,2.0716414241693757
1270,20,0.325352151878178,-1.3980285370533312
1271,20,0.757087148027495,0.5397567621479062
1272,20,0.202692255144939,-2.5579667094473058
1273,20,0.711121222469956,0.06823671152988542
1274,20,0.121691921027377,-2.1237405571836296
1275,20,0.245488513959572,-0.7678218512337165
1276,20,0.14330437942408,-1.1033565581127265
1277,20,0.239629415096715,-2.7203621250768064
1278,20,0.0589343772735447,-0.5821200512433902
1279,20,0.642288258532062,-1.4772344242853963
1280,20,0.876269212691113,-2.1493086289500747
1281,20,0.778914677444845,-1.832391267265514
1282,20,0.79730882588774,-1.5004633300156511
1283,20,0.455274453619495,4.553919415160472
1284,20,0.410084082046524,1.3367636508577938
1285,20,0.810870242770761,-2.4713990714752807
1286,20,0.604933290276676,-1.248387952004511
1287,21,-0.6,-1.4335537224401875
1288,21,-0.46,6.873165523071888
1289,21,-0.091,-0.8018415643308148
1290,21,0.18488225992769,0.5969916697909943
1291,21,0.702374035958201,0.38982012084333917
1292,21,0.573326334822923,-0.09477953453703414
1293,21,0.168051920365542,-1.5018499504467715
1294,21,0.943839338840917,1.012322809190323
1295,21,0.943474958650768,0.5674847610554892
1296,21,0.129158976720646,0.48484044862376585
1297,21,0.833448815625161,-0.9499229320781524
1298,21,0.468018515501171,0.09445019528843268
1299,21,0.54998374171555,-0.6895807383828849
1300,21,0.55267406697385,1.20656777693444
1301,21,0.23889475944452,0.3966199846111369
1302,21,0.760513313114643,-0.3065829078869129
1303,21,0.180820100707933,-0.7804010671613346
1304,21,0.405282181221992,1.2602261723776174
1305,21,0.853548452956602,2.0891658585027884
1306,21,0.976398489437997,0.83958222439745
1307,21,0.225825461093336,0.5936330602723316
1308,21,0.444809229113162,-0.35640252495668534
1309,21,0.0749794247094542,-1.0258731871469466
1310,21,0.661898758495227,-0.41618771781358177
1311,21,0.387549542589113,0.45629560563773985
1312,21,0.836889176862314,-0.21417579224002026
1313,21,0.150501440744847,-0.9354079605758971
1314,21,0.34727224893868,-0.5524584226410187
1315,21,0.488773231394589,-0.3281175830687939
1316,21,0.149246862856671,-0.9578807542755525
1317,21,0.357062590075657,-1.1319195487695488
1318,21,0.962644048267975,-0.14888676918956278
1319,21,0.132372003281489,1.1969546286080668
1320,21,0.0104145254008472,0.17963373065805388
1321,21,0.164642242016271,0.015692114375896793
1322,21,0.810192144475877,2.219453471179367
1323,21,0.868861036840826,0.40545725396636456
1324,21,0.514281762996688,-1.3101476526660392
1325,21,0.627196286572143,1.328773734362299
1326,21,0.844429003074765,1.1056487406587046
1327,21,0.284870574250817,-1.3423019567202301
1328,21,0.667225647717714,0.22359781354447605
1329,21,0.150469752028584,-0.20534828869658872
1330,21,0.981727862264961,1.1899602438656594
1331,21,0.297010735142976,0.7380617375830774
1332,21,0.115084075368941,0.24973556475509184
1333,21,0.163200871786103,-1.7946134177627049
1334,21,0.944041808135808,0.14442642900829838
1335,21,0.794863823568448,-0.7384024738757802
1336,21,0.974687897600234,-0.425971677519275
1337,21,0.349088410614058,-1.1167780807925904
1338,21,0.501969880890101,-1.1700473863898662
1339,21,0.810397262685001,0.6236761373986646
1340,21,0.00710903806611896,1.3860654856485566
1341,21,0.0146939109545201,0.39465338325427624
1342,21,0.683403422823176,-0.689895767534292
1343,21,0.929720221785828,-0.33780840416285685
1344,21,0.27540119853802,-0.20464848911657985
1345,21,0.811859695473686,0.6951617602182196
1346,21,0.785878912778571,-1.3471227114995017
1347,21,0.988902155542746,-1.8142644502209215
1348,21,0.613952909596264,-0.7458786550572452
1349,21,0.710185730131343,1.6751151280293044
1350,21,0.770027856575325,0.17687803690559178
1351,21,0.886984157143161,1.3792794189439483
1352,21,0.625121729681268,0.011841031506911293
1353,21,0.260300035355613,0.673130139315683
1354,21,0.859073117841035,-0.1148623174611707
1355,21,0.437488002004102,-0.03655227756233437
1356,21,0.388144757598639,-0.8040417424846318
1357,21,0.461501105222851,-0.8714501064920359
1358,21,0.218675193376839,-0.3853913260206667
1359,21,0.0659355104435235,-0.9873062834869482
1360,21,0.275701026665047,0.4258143488374859
1361,21,0.310381097486243,1.4565002759495078
1362,21,0.0421755260322243,-0.44895911385035303
1363,21,0.184673463227227,-0.7200973973073141
1364,21,0.183373228181154,-1.7567288575739703
1365,21,0.755462416447699,-1.4327766543403975
1366,21,0.288059732178226,-2.4573469968106387
1367,21,0.867844662396237,-0.2705535803776371
1368,21,0.402642735978588,0.19535582143461916
1369,21,0.57268500351347,-1.61401004250137
1370,21,0.350642574951053,-0.5589784120714238
1371,21,0.671998928301036,0.5621955016840943
1372,21,0.0250503565184772,-0.012792860512449433
1373,21,0.401101037859917,-0.050627652182281935
1374,21,0.199976529926062,1.0285779926644318
1375,21,0.856525000883266,-0.2472082724978435
1376,21,0.971515428507701,0.3912586290197311
1377,21,0.323722436791286,-0.9148313924513722
1378,21,0.733191433362663,-0.556601652297779
1379,21,0.340068240184337,1.6921013311524646
1380,21,0.976755184587091,0.8523310124098842
1381,21,0.397016411880031,2.2023839457129544
1382,21,0.379998879274353,0.02309801282066104
1383,21,0.560387630248442,-0.3563953716035204
1384,21,0.463808179134503,-0.5611121730727717
1385,21,0.19677682663314,-0.3422686119783238
1386,21,0.426943402737379,-0.33403388117656263
1387,22,0.168041526339948,0.11206580200623661
1388,22,0.807516399072483,-0.6253401860096504
1389,22,0.384942351374775,0.1057535941766754
1390,22,0.327734317164868,-0.569852325196111
1391,22,0.602100674761459,-0.8338488164734286
1392,22,0.604394054040313,-0.2580148465726988
1393,22,0.124633444240317,-0.14173474327581687
1394,22,0.294600924244151,0.39880908781004387
1395,22,0.577609919011593,0.5444338212031492
1396,22,0.630979274399579,-0.4777044398975452
1397,22,0.512015897547826,0.3042163428090845
1398,22,0.505023914156482,0.47385742866765757
1399,22,0.534035353455693,0.14875360199315013
1400,22,0.5572494356893,0.20941319947909642
1401,22,0.86791948764585,1.0511512149916893
1402,22,0.829708693316206,-0.36933421375809816
1403,22,0.11144915339537,-0.06014720424282072
1404,22,0.70368835888803,0.6941684610956211
1405,22,0.897488264366984,-1.1231731751128233
1406,22,0.279732553754002,0.04871388023961254
1407,22,0.228201881283894,-0.01361209811361741
1408,22,0.0153298925142735,-0.012075806900238434
1409,22,0.128981558606029,0.11968560984967314
1410,22,0.0933819285128266,0.010413387390786677
1411,22,0.236885007470846,0.04897357560069704
1412,22,0.791147409472615,0.6187702817278202
1413,22,0.599731565685943,0.7457434616552119
1414,22,0.910147710936144,0.3833674465368597
1415,22,0.560424553928897,-0.540258512751302
1416,22,0.755704769166186,-0.09334669046600919
1417,22,0.379171891137958,0.660661151092895
1418,22,0.373280976898968,-0.12926474274886046
1419,22,0.170290642883629,0.10733059144436319
1420,22,0.453307323623449,0.5620755242661195
1421,22,0.258413960458711,0.20060648667996284
1422,22,0.336265952326357,-0.002132380564479952
1423,22,0.889583034673706,0.22817348639887136
1424,22,0.201946298824623,-0.18705702728264506
1425,22,0.579186042770743,0.26929930356552045
1426,22,0.207632029894739,-0.1917407002622723
1427,22,0.281468792352825,-0.24359067422597436
1428,22,0.786281204083934,-0.7513914776218926
1429,22,0.173019349342212,-0.12238907839523783
1430,22,0.570747518213466,0.6156273909633523
1431,22,0.419282963266596,-0.15888676444387295
1432,22,0.267622165149078,-0.022988737299652007
1433,22,0.0478094418067485,-0.03937790362510871
1434,22,0.103493053931743,0.042033878264959745
1435,22,0.314031455665827,0.29124909422474365
1436,22,0.800641062203795,-0.1396695534118142
1437,22,0.229324695421383,0.1351774235745169
1438,22,0.212998440722004,-0.09365667889154117
1439,22,0.877100905869156,0.9561501077890204
1440,22,0.993221963290125,0.6376413099804958
1441,22,0.844247019849718,0.8894891026312424
1442,22,0.910436549223959,0.5881698115232261
1443,22,0.47126973234117,0.10554947617199506
1444,22,0.224418408004567,-0.4325755142072968
1445,22,0.12781465658918,-0.09973110946396224
1446,22,0.279683512402698,0.13124787287860928
1447,22,0.816106060286984,-0.34907042086729545
1448,22,0.0576129928231239,-0.03281603350468332
1449,22,0.802829249529168,-0.304107171491391
1450,22,0.104387835366651,0.15508685180938941
1451,22,0.766606018645689,-0.5269237463760605
1452,22,0.304810566361994,-0.1399744478725411
1453,22,0.769287420902401,0.03697064599643607
1454,22,0.54065572633408,0.1289387528525583
1455,22,0.362370532238856,0.07002785482527729
1456,22,0.0925569161772728,-0.01924415306811611
1457,22,0.759755255188793,-1.1107220839504652
1458,22,0.760819946881384,0.3053530235839155
1459,22,0.903260845225304,0.5011574453320184
1460,22,0.966282786102965,-0.43018206541096227
1461,22,0.515256622806191,0.3584841969826411
1462,22,0.549480673857033,-0.40613688179183205
1463,22,0.163719896925613,0.052875337298514125
1464,22,0.164596953662112,-0.11957292631305017
1465,22,0.786332777468488,-1.3288828089727711
1466,22,0.751113419653848,0.893439088381002
1467,22,0.784214704297483,0.5707565274576885
1468,22,0.654354914557189,0.11278164747023212
1469,22,0.37810439732857,0.5669703004745501
1470,22,0.00856696744449437,-0.03362475491010311
1471,22,0.955329553689808,0.15930082297376913
1472,22,0.838616147870198,-1.9855885443150547
1473,22,0.213424937566742,0.30082008825029316
1474,22,0.494713556254283,-0.4252725653107494
1475,22,0.636244256282225,-0.8131939799064427
1476,22,0.92109139310196,-0.7728690703153696
1477,22,0.0117440407630056,-0.03312604921593282
1478,22,0.267402917146683,-0.5341969616314163
1479,22,0.435572101734579,-0.42521297029165517
1480,22,0.829467094736174,-0.09620367793535589
1481,22,0.870944038499147,0.8268447669673726
1482,22,0.251068959478289,0.09726175112894486
1483,22,0.324358248384669,-0.40360670913274665
1484,22,0.306237811921164,-0.19859855845562424
1485,22,0.184282035101205,0.3466103858811723
1486,22,0.679977399529889,0.2995702859056961
1487,23,1.0,0.008410586130897846
1488,23,2.0,0.017850087402168868
1489,23,3.0,0.03179935066789785
1490,23,4.0,0.02164702773005389
1491,23,5.0,0.017446740337091815
1492,23,6.0,0.0037478359035427733
1493,23,7.0,-0.012916372022894196
1494,23,8.0,-0.009972060480101241
1495,23,9.0,-0.01739636823539925
1496,23,10.0,-0.010075002211469286
1497,23,11.0,-0.018335976927037367
1498,23,12.0,-0.022282090441874347
1499,23,13.0,-0.0111954385970634
1500,23,14.0,-0.01236350666329833
1501,23,15.0,-0.03356824504623335
1502,23,16.0,-0.029919371633513436
1503,23,17.0,-0.03692648688108435
1504,23,18.0,-0.020808867358208416
1505,23,19.0,-0.023326626886251423
1506,23,20.0,-0.01556816212265344
1507,23,21.0,-0.007697296810901588
1508,23,22.0,-0.016594799169576513
1509,23,23.0,-0.01583674193979956
1510,23,24.0,-0.0032463250934976484
1511,23,25.0,0.0038356968230364163
1512,23,26.0,0.0008575062933653399
1513,23,27.0,0.00824260613111838
1514,23,28.0,0.015582178412937298
1515,23,29.0,0.024153104299798223
1516,23,30.0,0.033252026872805374
1517,23,31.0,0.022503374382540242
1518,23,32.0,0.022179896491427264
1519,23,33.0,0.032304606049507245
1520,23,34.0,0.043953726026219164
1521,23,35.0,0.037026963400099255
1522,23,36.0,0.03266992477819919
1523,23,37.0,0.01689709131684225
1524,23,38.0,0.015344430523215102
1525,23,39.0,0.006794428313512069
1526,23,40.0,0.0017626876842561368
1527,23,41.0,0.00403056801458801
1528,23,42.0,0.015860818275417077
1529,23,43.0,0.010136418268353986
1530,23,44.0,0.001610008900937987
1531,23,45.0,-0.0008310419018660031
1532,23,46.0,0.0009866648534369027
1533,23,47.0,0.0037337710472908903
1534,23,48.0,-0.0024798986330180073
1535,23,49.0,-0.012437874370426094
1536,23,50.0,-0.018755235939133086
1537,23,51.0,-0.006929656719581123
1538,23,52.0,-0.017580039161575134
1539,23,53.0,-0.007124200990254126
1540,23,54.0,-0.005919036789283183
1541,23,55.0,-0.005214783271951129
1542,23,56.0,-0.0030103617784502656
1543,23,57.0,-0.013019598188040327
1544,23,58.0,-0.010261422943670273
1545,23,59.0,-0.012442148271455289
1546,23,60.0,-0.02058508785098423
1547,24,0.201681931037456,-1.4612517005715953
1548,24,0.898389684967697,-0.37962346855002416
1549,24,0.944675268605351,0.52238255759511
1550,24,0.660797792486846,1.4268464460803303
1551,24,0.62911404389888,-0.038669408855165344
1552,24,0.0617862704675645,0.3792963096262699
1553,24,0.205974574899301,-0.043755839609343816
1554,24,0.176556752528995,-1.3707693899591304
1555,24,0.687022846657783,-0.34347660925225565
1556,24,0.384103718213737,-0.3614792608689852
1557,24,0.769841419998556,0.022787184347889067
1558,24,0.497699242085218,1.147351396481323
1559,24,0.717618508264422,0.8386032418980935
1560,24,0.991906094830483,-0.054047404127935295
1561,24,0.380035179434344,-0.2210708686049454
1562,24,0.777445221319795,0.7800355765969407
1563,24,0.934705231105909,0.6598302162854406
1564,24,0.212142521282658,-0.677918348195401
1565,24,0.651673766085878,-0.6404941381842377
1566,24,0.125555095961317,0.36435509440090996
1567,24,0.267220668727532,0.7864082029104869
1568,24,0.386114092543721,-0.07927863198479201
1569,24,0.0133903331588954,0.8665483509159264
1570,24,0.382387957070023,0.43069733180529735
1571,24,0.86969084572047,-0.5171669685275635
1572,24,0.34034899668768,0.36833936911991927
1573,24,0.482080115471035,-1.0840328967290631
1574,24,0.599565825425088,1.4933663239609238
1575,24,0.493541307048872,2.027194618564538
1576,24,0.186217601411045,-0.35969683819514664
1577,24,0.827373318606988,-0.9546825708274547
1578,24,0.668466738192365,0.6388664663310575
1579,24,0.79423986072652,-0.049836369528842184
1580,24,0.107943625887856,2.3991404842989157
1581,24,0.723710946040228,0.03696598753450786
1582,24,0.411274429643527,0.7260219516688098
1583,24,0.820946294115856,0.1166329636705079
1584,24,0.647060193819925,-0.6768617162520068
1585,24,0.78293276228942,0.27256570331059926
1586,24,0.553036311641335,-1.7505615870673221
1587,24,0.529719580197707,1.5169724718165387
1588,24,0.789356231689453,0.23784753833485972
1589,24,0.023331202333793,2.159322547454475
1590,24,0.477230065036565,0.5202199847244788
1591,24,0.7323137386702,-0.6326411685707232
1592,24,0.692731556482613,0.6829737712830433
1593,24,0.477619622135535,-0.8893373978854253
1594,24,0.8612094768323,-1.159857731971373
1595,24,0.438097107224166,0.3311562490539748
1596,24,0.244797277031466,-0.4282818746885311
1597,24,0.3,-7.577936151063872
1598,25,0.500440972624347,1.320041488566096
1599,25,0.180866361130029,-0.7521813891846454
1600,25,0.529630602803081,0.01993413551284151
1601,25,0.0752757457084954,-0.7266338595355945
1602,25,0.277755932649598,0.6869148648887116
1603,25,0.212699519237503,0.23080224333582744
1604,25,0.284790480975062,-0.1937269896691054
1605,25,0.895094102947041,1.3527901954349382
1606,25,0.4462353233248,0.2667702170797752
1607,25,0.779984889784828,0.9294918559196508
1608,25,0.880619034869596,0.6832063817358218
1609,25,0.413124209502712,-0.728628576342909
1610,25,0.0638084805104882,-0.45815113940925434
1611,25,0.335487491684034,0.11910751868057123
1612,25,0.723725946620107,-1.179771642746235
1613,25,0.337615333497524,0.6485778214280891
1614,25,0.630414122482762,-1.3008338925220904
1615,25,0.840614554006606,1.5393565470816115
1616,25,0.856131664710119,-0.5916599731951275
1617,25,0.39135928102769,1.7332797887015783
1618,25,0.380493885604665,-0.35412539874591675
1619,25,0.895445425994694,-1.0755953621899939
1620,25,0.644315762910992,0.0009330695354266005
1621,25,0.741078648716211,-0.02735955514788113
1622,25,0.605303446529433,-1.6923820294745964
1623,25,2.0,-0.45015631973761483
1624,26,0.854001502273604,0.10641465808163453
1625,26,0.347230677725747,-0.3328968896253901
1626,26,0.131442320533097,-0.6469205831902896
1627,26,0.374486864544451,0.46403529595779824
1628,26,0.631420228397474,-0.487754354186241
1629,26,0.390078933676705,-0.5150503404596241
1630,26,0.689627848798409,-0.2381429565230544
1631,26,0.689413412474096,-1.044536646441192
1632,26,0.554900623159483,2.2896573593598415
1633,26,0.429624407785013,1.4851856903709186
1634,26,0.452720062807202,0.5524301597095587
1635,26,0.306443258887157,0.6891477926621725
1636,26,0.578353944001719,-0.9444404506649078
1637,26,0.910370304249227,0.023315514618190925
1638,26,0.142604082124308,-0.14524624456082558
1639,26,0.415047625312582,-1.1829116366712005
1640,26,0.210925750667229,1.991686999597862
1641,26,0.428750370861962,-1.1228502574785857
1642,26,0.132689975202084,-0.07708527328757786
1643,26,0.460096445865929,-0.8523439981162553
1644,26,0.942957059247419,-1.8547755091734563
1645,26,0.761973861604929,-0.057484109967243846
1646,26,0.932909828843549,-2.417367057730324
1647,26,0.470678497571498,-0.45827270921468477
1648,26,0.603588067693636,-1.0108838801784743
1649,26,0.484989680582657,-1.6621164949897351
1650,26,0.10880631650798,0.1798490377402192
1651,26,0.247726832982153,-0.37346225000219024
1652,26,0.498514530714601,-0.8829509970837064
1653,26,0.372866708086804,0.8648145534367035
1654,26,0.934691370232031,-0.36381595032986613
1655,26,0.523986077867448,-0.4165412913882123
1656,26,0.317144671687856,0.11754208767090768
1657,26,0.277966029476374,-0.7218723940855778
1658,26,0.787540507735685,-0.893292024856696
1659,26,0.702462512534112,0.5283308528545261
1660,26,0.165027638664469,0.1554718543134106
1661,26,0.0644575387705117,0.4736199248000237
1662,26,0.754705621628091,1.3783918842768568
1663,26,0.620410033036023,-1.1636349332758797
1664,26,0.169576766667888,1.126697405410875
1665,26,0.0622140523046255,2.1054307475194873
1666,26,0.109029268613085,-0.8142082446842739
1667,26,0.381716351723298,-0.11095011493591
1668,26,0.169310914585367,-0.22363455259754816
1669,26,0.298652542056516,-0.5041104246767982
1670,26,0.192209535045549,-0.9112313872014509
1671,26,0.257170021301135,-0.851902996608911
1672,26,0.181231822818518,1.419112662993407
1673,26,0.477313709678128,0.33254625535320415
1674,26,0.770737042883411,0.1070100310613622
1675,26,0.0277871224097908,1.9201074550247852
1676,26,0.527310776989907,-0.6961023036867857
1677,26,0.880319068906829,-0.004189354924660549
1678,26,0.373063371982425,-0.17720939295688565
1679,26,0.0479591316543519,-0.16664397583580723
1680,26,0.138628246728331,1.1349304108121365
1681,26,0.321492120390758,-0.008045831448004748
1682,26,0.154831611318514,-0.8798259613961572
1683,26,0.132228172151372,-0.02070409902955639
1684,26,0.221305927727371,1.5893181631982993
1685,26,0.226380796171725,1.259208345671759
1686,26,0.13141653384082,-1.2388282414416465
1687,26,0.981563460314646,-0.8662368073863904
1688,26,0.327013726811856,0.7950163600038529
1689,26,0.506939497077838,-1.9267856727618105
1690,26,0.68144251476042,0.8638975270561593
1691,26,0.0991691031958908,-0.2781155845554573
1692,26,0.118902558228001,0.5149155648779832
1693,26,0.0504396595060825,0.13731813424483297
1694,26,0.929253919748589,0.6874811304417658
1695,26,0.673712232848629,-2.0094823055129183
1696,26,0.0948578554671258,0.12502143439127877
1697,26,0.492596120806411,-1.2357128463166709
1698,26,0.461551840649918,0.1671286289417484
1699,26,0.375216530868784,2.1096985766032983
1700,26,0.991099219536409,-2.4890275615893964
1701,26,0.176350713707507,0.09479402178733132
1702,26,1.42,7.490070372184032
1703,27,0.441459143068641,-0.5781682754343311
1704,27,0.260929737240076,1.544613217454203
1705,27,0.938413745490834,-2.597077693706561
1706,27,0.715833283727989,-1.5717863286899227
1707,27,0.163085478357971,1.8556026321532917
1708,27,0.476188018452376,1.4231205619442813
1709,27,0.690256722969934,-0.9116400054397715
1710,27,0.460895179538056,-0.6554538524774163
1711,27,0.95514673832804,-3.4661458325022974
1712,27,0.712540122447535,-1.6048712073338844
1713,27,0.397147933254018,-0.9095001141350929
1714,27,0.117720612091944,0.9268469759172993
1715,27,0.24011627305299,1.074044621095367
1716,27,0.863630566513166,-2.7504642415948926
1717,27,0.435976401669905,2.5189378234163504
1718,27,0.497868051985279,-0.23014342573359947
1719,27,0.691927672130987,-0.058397123575755217
1720,27,0.760313281789422,-3.7605073634827573
1721,27,0.155401222640648,1.7709689139358726
1722,27,0.849457093048841,-3.1562440652752777
1723,27,0.946817819029093,-1.3227882310669656
1724,27,0.588419190375134,-0.36245985735052244
1725,27,0.502250815276057,-0.8118066950630443
1726,27,0.189779917709529,2.2120682222475545
1727,27,0.00183685822412372,0.963734831932521
1728,27,0.877578062238172,-2.53689526574769
1729,27,0.134111337829381,0.1169306493193143
1730,27,0.0227412241511047,0.9103469667579509
1731,27,0.939136706059799,-1.2656450481058439
1732,27,0.292948722839355,0.8949019485711593
1733,27,0.164326574420556,1.9982200579238447
1734,27,0.399102555820718,-0.3678719445176517
1735,27,0.459575412096456,0.14855777423679584
1736,27,0.434030848555267,0.12198085686622306
1737,27,0.517009826377034,-1.8915649395525218
1738,27,0.846245752647519,-0.04829051362814596
1739,27,0.0551642864011228,1.5789017400728924
1740,27,0.554177061188966,0.1466024421206793
1741,27,0.688275237567723,-0.21836465703798424
1742,27,0.658057553693652,-1.0991149256156145
1743,27,0.663342725252733,-1.3762191758618751
1744,27,0.472234202548862,0.6135162539921595
1745,27,0.969528166111559,-3.383798836235165
1746,27,0.402197062736377,1.9807881161856065
1747,27,0.849552103783935,-2.224023886749105
1748,27,0.756644907407463,0.19793088791452895
1749,27,0.532601219369099,0.9824336615513243
1750,27,0.874149660812691,-1.8591385625934045
1751,27,0.467115115607157,0.3082312275260435
1752,27,0.00812845537438989,0.614401853726628
1753,27,0.72776700463146,-1.0137958845018051
1754,27,0.716589478775859,-0.24697012478040392
1755,27,0.187426371034235,0.9966201492265636
1756,27,0.646067276829854,-1.4531055500789734
1757,27,0.541979279834777,-1.2243397815267603
1758,27,1.47655086631421,6.621393568339332
1759,27,1.48721238996368,3.7798764163435585
1760,27,1.50728533633519,3.078259444265754
1761,27,1.54082077899948,5.576761594357897
1762,28,0.485672106966376,1.881910879477935
1763,28,0.938176916679367,0.5589891286545642
1764,28,0.857501537073404,-0.07550280955933952
1765,28,0.370883537689224,0.6050718197454912
1766,28,0.314201829954982,0.14621511035782422
1767,28,0.828534359810874,0.8833313194699092
1768,28,0.451841513160616,0.6586546029996752
1769,28,0.315878412220627,-0.8379325704195559
1770,28,0.0978085375390947,0.6182229128643756
1771,28,0.0649005365557969,-1.0789142861662384
1772,28,0.689457366475835,-0.6103379400093548
1773,28,0.668050603941083,-2.964388925854724
1774,28,0.90454664779827,0.46669163044151685
1775,28,0.301693270448595,-0.2713929595512068
1776,28,0.932808704674244,-1.3340832312231972
1777,28,0.201983017381281,0.3952038815439659
1778,28,0.792378755984828,-0.009686013261013482
1779,28,0.224630508804694,1.1973512533919104
1780,28,0.0307565710972995,1.4765613183109232
1781,28,0.862034041201696,-1.3344221737097492
1782,28,0.685107505181804,-1.769629111135341
1783,28,0.942074909573421,-1.3114474862591372
1784,28,0.675853760447353,-0.1098279122674411
1785,28,0.843120148405433,-1.5469523855808405
1786,28,0.361894184956327,0.17433270139520343
1787,28,0.392365885199979,-0.9857229222999896
1788,28,0.567687397589907,-0.17868595919870567
1789,28,0.0951521336100996,0.9080590107703865
1790,28,0.193784071598202,0.4351227302859857
1791,28,0.588066393043846,-0.3752403962130435
1792,28,0.751504168147221,1.2237871112200098
1793,28,0.867238787235692,-0.009752225177625085
1794,28,0.371795737184584,1.3347071085978077
1795,28,0.798814549576491,-1.5580441525153508
1796,28,0.0583143925759941,1.0175725207349309
1797,28,0.623435709392652,0.8724195389671004
1798,28,0.356641406659037,0.1972079021212172
1799,28,0.587927932385355,-2.3404118448822726
1800,28,0.913784642005339,-0.5210289334133096
1801,28,0.199442182900384,-1.335327312248919
1802,28,0.369083623867482,-0.582444013370496
1803,28,0.671408327762038,0.9451955705695233
1804,28,0.768144550733268,0.04243237148478329
1805,28,0.522248276043683,1.0126039390098858
1806,28,0.828075018012896,-0.38703254622132377
1807,28,0.52709619468078,-0.19896588635318074
1808,28,0.501754825003445,-0.9621952915859234
1809,28,0.419973319862038,1.7193747941260722
1810,28,0.362298283260316,0.2873721805453919
1811,28,0.123428910272196,0.007251772670077816
1812,28,0.298161529470235,1.236470331209075
1813,28,0.276676489738747,1.4888633292556461
1814,28,0.770225355634466,1.3182688267173908
1815,28,0.77818130212836,-1.1963710781468069
1816,28,0.143787280656397,0.2906013051126199
1817,28,0.515526150586084,-0.4817786390464154
1818,28,0.597240485483781,-0.6054226076206293
1819,28,0.505843024002388,-0.4127288812247333
1820,28,0.386099633062258,-0.10114573750090633
1821,28,0.426098100841045,1.5559734317995393
1822,28,0.0117597347125411,0.2492460385178834
1823,28,0.919331770390272,-1.265189401753898
1824,28,0.0794396931305528,1.4633149068111644
1825,28,0.507374254753813,1.0755974349587207
1826,28,0.820171616971493,-1.4498659761137802
1827,28,0.5983954181429,-0.7401722892997928
1828,28,0.424153526080772,0.64168132125553
1829,28,0.559310270706192,0.8642114892740519
1830,28,0.789094472071156,-0.8664688612650739
1831,28,0.167715257965028,-0.7966086523627858
1832,28,5.78,1.3552498881440016
1833,29,0.956285735592246,3.649642777824212
1834,29,0.505531079834327,-1.0833743752686082
1835,29,0.924366363789886,0.16011597816640943
1836,29,0.134513532742858,-0.9281221389929009
1837,29,0.238737003179267,0.4833798730554122
1838,29,0.489962622057647,-0.8412988681028324
1839,29,0.474060096777976,0.11583680967931187
1840,29,0.434994159033522,-0.2422000423461661
1841,29,0.0392489600926638,-0.9651239790629602
1842,29,0.644331015180796,-0.02049848027508716
1843,29,0.715567200211808,0.9303880819154138
1844,29,0.351666721282527,1.6830517371777756
1845,29,0.946556748822331,-1.5293269327879955
1846,29,0.74310650723055,-0.3221981007555961
1847,29,0.0507859203498811,1.3727778226501546
1848,29,0.98036478087306,-1.2848013159193457
1849,29,0.217822452541441,-2.3841363908448177
1850,29,0.0361960020381957,-0.7165233722806
1851,29,0.2607038654387,-0.8405859305066201
1852,29,0.720415785908699,-0.015726912177619568
1853,29,0.247894181171432,-0.2717926433053073
1854,29,0.234915791545063,0.36880057945350053
1855,29,0.021011842880398,-0.19672189943403656
1856,29,0.264620627742261,0.4991542310577497
1857,29,0.691801619483158,-0.4174031302726888
1858,29,0.0346693911124021,1.41011114966168
1859,29,0.0627861295361072,-0.5289305249158021
1860,29,0.397706091869622,0.3607358665951139
1861,29,0.490028424886987,-0.8529110790401226
1862,29,0.631048747571185,0.1817011180889203
1863,29,0.723404312273487,-0.11217999043661564
1864,29,0.0767657924443483,-1.481897490122202
1865,29,0.421446080552414,-0.08396236437067728
1866,29,0.9737266858574,1.012376346312685
1867,29,0.813805783400312,0.5796127227546464
1868,29,0.223767722956836,0.28515642863723123
1869,29,0.489742305828258,-1.1602597823127425
1870,29,0.0113401929847896,1.3988737211814157
1871,29,0.258602296933532,0.20672322077897576
1872,29,0.454598771873862,-0.4052021995992092
1873,29,0.740976688219234,1.5703206974433357
1874,29,0.990660011768341,-0.9444233993913613
1875,29,0.332204946083948,0.4004832962384164
1876,29,0.944791405461729,1.125850876887192
1877,29,0.961853419896215,0.43928934167010425
1878,29,0.899277499644086,-0.4441107728189877
1879,29,0.492715835105628,-0.38758956141674616
1880,29,0.784935477888212,0.2652722687359663
1881,29,0.803119047079235,0.4161077224322014
1882,29,0.677767623681575,-0.02699367019042853
1883,29,0.581277578603476,1.3126999713370218
1884,29,0.330668087350205,0.03192508507345515
1885,29,0.00131465657614172,-0.4665102887307027
1886,29,0.0658019641414285,0.7444775396310019
1887,29,0.0859519173391163,-2.0029531959533196
1888,29,0.0131097168195993,0.6208879680195527
1889,29,0.335745624266565,0.5926209261315911
1890,29,0.119264316512272,-0.03980419023320536
1891,29,0.593595445388928,-1.1279796598272256
1892,29,0.0373126757331192,-0.17607662277108038
1893,29,0.00957179185934365,1.7802057911012932
1894,29,0.161596125923097,-0.5759277293638707
1895,29,0.831898988224566,-2.4409721269740103
1896,29,0.766842754324898,0.7298547909295827
1897,29,0.272780316416174,-0.3796449144135998
1898,29,0.188163298880681,-0.354272520783784
1899,29,0.225761834764853,-1.0742788463220734
1900,29,0.0619703675620258,0.18617529590113513
1901,29,0.0599002409726381,0.9108282230237812
1902,29,0.148155870381743,-0.41434421546968814
1903,29,0.0729878859128803,-0.4025444441888548
1904,29,0.042885891860351,1.3132563601898581
1905,29,0.522461272310466,-0.22896651884431662
1906,29,0.789231489412487,-0.25153930223497056
1907,29,0.69475334812887,-0.6783947213644055
1908,29,0.06657604733482,1.107266333865494
1909,29,0.0179577465169132,-0.7672817257690635
1910,29,0.442158423364162,0.9009600197114693
1911,29,0.157602083170786,0.9749386486493794
1912,29,0.718860115855932,-0.5301739216630459
1913,29,0.703941832529381,0.79200883896128
1914,29,0.885226304875687,0.8554847435433359
1915,29,0.325261015212163,0.675610588422284
1916,29,0.970881566638127,1.8581798100313378
1917,29,0.984820266254246,-2.134772352383578
1918,29,0.0391847176942974,-0.9467761360381637
1919,29,0.893571288092062,-1.5112509572324058
1920,29,0.82239915127866,0.06234352338351101
1921,29,0.724244692828506,1.5198321693918757
1922,29,0.288920137798414,1.7928886683564293
1923,29,0.501948604593053,0.515311945755677
1924,29,0.428347001317888,0.9360872543094949
1925,29,0.610016016056761,-0.16249335027869094
1926,29,0.926113174064085,0.320799650744199
1927,29,0.240123257739469,0.5113891540792306
1928,29,0.271881833905354,-0.6390034433389946
1929,29,0.735003646463156,-0.3625354788048121
1930,29,0.751545873004943,-0.21091403721038304
1931,29,0.930591920856386,1.2438239063922367
1932,29,0.462730274768546,-0.9937755888856401
1933,29,0.860691176727414,-2.23548683249723
1934,29,0.312036419520155,0.8737305065177807
1935,29,0.208039013436064,-0.6677555919571274
1936,29,0.920827467227355,-0.5820959434831394
1937,29,0.0527368842158467,1.1172525450124453
1938,29,0.411155431065708,-0.6985718547855111
1939,29,0.456341215176508,-0.29521508590797296
1940,29,0.415860247565433,1.5649957728189712
1941,29,0.670353451743722,0.4857688239721547
1942,29,0.756904080044478,0.4639055498071478
1943,29,0.911651314469054,-0.27887246509069286
1944,29,0.819952085847035,-1.2410595837346605
1945,29,0.0936498525552452,-1.300977409307523
1946,29,0.177906081313267,-0.0625351888385941
1947,29,0.6422145802062,1.970802183589413
1948,29,0.874282993841916,0.09493847426465152
1949,29,0.592313350411132,0.15406594231270532
1950,29,0.262432192219421,0.4585633072088804
1951,29,0.883752264082432,-0.5158843146168408
1952,29,0.187689346261322,-1.2419442307006454
1953,29,0.488866982283071,2.7081589811253792
1954,29,0.0098204871173948,-0.19341335529116385
1955,29,0.360434043221176,-0.21313828535781099
1956,29,0.442161690909415,-1.7406334425750654
1957,29,0.125729221384972,-0.0656078182108617
1958,29,0.6243645476643,-0.27084858814746937
1959,29,0.302431331714615,-0.146091021616094
1960,29,0.239637228194624,-1.6515836844735405
1961,29,0.358629763592035,1.870871241519664
1962,29,0.89291041251272,1.6291275573719588
1963,29,0.990627265069634,0.5147826690992616
1964,29,0.732421197462827,-1.1689145930510954
1965,29,0.99278808827512,0.5387993464348071
1966,29,0.53978936211206,-0.23508396166392487
1967,29,0.433801761828363,-0.26462508529796125
1968,29,0.96467367419973,1.1985460252945472
1969,29,0.148319643223658,-1.0548124208993954
1970,29,0.0664930557832122,-0.304353257528589
1971,29,0.0242514880374074,-0.5068825204609388
1972,29,0.61242324183695,0.001139304443725564
1973,29,0.696608748054132,-1.6262466978318955
1974,29,0.801141887204722,-0.7998900605228059
1975,29,0.137730283895507,0.8933758478739104
1976,29,0.15978482272476,0.6335497566340527
1977,29,0.988833592971787,-1.147979041414537
1978,29,0.398645695531741,0.6288988789425822
1979,29,0.187911816174164,-2.2759218334981455
1980,29,0.477728241123259,-0.3034662472781662
1981,29,0.544234022730961,0.7225838278529544
1982,29,0.328157980693504,-0.5602435837989628
1983,29,-0.6,1.2821392184373188
1984,30,392.0,1.066530716117473
1985,30,295.0,-0.14844855457155148
1986,30,209.0,4.397405741623565
1987,30,378.0,-0.9577136474378101
1988,30,406.0,1.4566274055072554
1989,30,289.0,-2.307032567958643
1990,30,332.0,-0.19547670254084437
1991,30,255.0,2.4914548095586966
1992,30,185.0,6.483521584172898
1993,30,405.0,6.005875867931405
1994,30,379.0,2.345224197225537
1995,30,339.0,-4.159628393789209
1996,30,370.0,-4.2906228625931995
1997,30,323.0,-6.214150700469787
1998,30,381.0,0.3313522621924392
1999,30,391.0,4.653949161632326
2000,30,357.0,-2.797061629879334
2001,30,222.0,0.07531812817779837
2002,30,322.0,1.076410963022866
2003,30,241.0,-2.078208087627175
2004,30,220.0,1.5178707115164016
2005,30,281.0,-4.590047594555134
2006,30,389.0,0.43724728856302875
2007,30,386.0,-0.37695850375061823
2008,30,401.0,2.460666019561309
2009,30,338.0,0.7435080331769441
2010,30,347.0,-1.3868229801470164
2011,30,176.0,7.247286111212759
2012,30,400.0,1.3060326744710586
2013,30,184.0,3.9488070053295488
2014,30,344.0,-3.762139319313764
2015,30,414.0,5.625995808953142
2016,30,374.0,-0.20047156229800578
2017,30,417.0,4.367962328491487
2018,30,419.0,5.219266753735383
2019,30,330.0,-4.756682625868251
2020,30,307.0,-1.2528539630103666
2021,30,306.0,-4.1271216380473135
2022,30,351.0,-0.5544881335276202
2023,30,352.0,-3.0108610819551735
2024,30,245.0,-2.0906987831597874
2025,30,382.0,-3.499223735996715
2026,30,240.0,-1.7050607593804301
2027,30,319.0,-5.328649803353478
2028,30,197.0,2.08749397691588
2029,30,316.0,-3.251315533199225
2030,30,263.0,-2.7381667779813093
2031,30,410.0,4.326219152980848
2032,30,252.0,-1.7266086211705414
2033,30,297.0,-2.1655121384871556
2034,31,89.0,0.40199254493813896
2035,31,91.5,-2.630260665907315
2036,31,95.5,-3.421865803260033
2037,31,92.0,-2.2167113080763983
2038,31,85.5,-0.19285295987822337
2039,31,90.5,-1.457359381569134
2040,31,89.5,1.3155419027690556
2041,31,91.0,-0.043810023738217296
2042,31,91.5,-1.7302606659073092
2043,31,89.5,-2.1844580972309444
2044,31,89.5,-0.6844580972309444
2045,31,92.0,-0.5167113080763954
2046,31,89.5,1.1155419027690527
2047,31,91.5,0.2697393340926908
2048,31,85.5,1.2071470401217823
2049,31,86.0,-0.3793036020473153
2050,31,89.5,0.7155419027690613
2051,31,90.0,-0.7709087394000278
2052,31,90.5,-0.15735938156912255
2053,31,89.0,1.1019925449381418
2054,31,96.5,-2.0947670875982
2055,31,91.0,1.4561899762617827
2056,31,89.0,-1.1980074550618554
2057,31,84.0,3.566498966629055
2058,31,91.5,0.6697393340926823
2059,31,90.0,1.7290912605999722
2060,31,85.0,-0.9064023177091372
2061,31,87.0,1.247795113614501
2062,31,88.0,-0.32510617072368575
2063,31,84.0,1.2664989666290438
2064,31,93.0,-3.1896125924145764
2065,31,94.0,-2.262513876752763
2066,31,89.0,-2.2980074550618497
2067,31,85.5,-1.092852959878229
2068,31,85.0,2.9935976822908685
2069,31,88.0,0.17489382927631425
2070,31,82.5,-0.6741491068636805
2071,31,80.5,3.571653461812687
2072,31,75.0,-0.9773894743273246
2073,31,84.5,-0.11995167554005093
2074,31,83.0,-1.8605997490327582
2075,31,77.0,-1.5231920430036894
2076,31,81.0,0.8852028196435953
2077,31,76.0,-1.1502907586655056
2078,31,81.0,1.585202819643598
2079,31,84.0,0.5664989666290552
2080,31,89.0,-3.598007455061861
2081,31,85.0,7.193597682290857
2082,31,85.0,3.9935976822908685
2083,31,88.0,-1.5251061707236886
2084,31,85.0,4.193597682290857
2085,31,93.5,1.3239367654163345
2086,31,91.0,-1.7438100237382201
2087,31,91.5,1.7697393340926908
2088,31,92.5,7.396838049754507
2089,31,93.7,3.5093565085487057
2090,31,93.0,-0.8896125924145792
2091,31,91.0,-0.34381002373821445
2092,31,96.0,4.791683554570881
2093,31,88.0,-1.8251061707236858
2094,31,86.0,3.7206963979526932
2095,31,90.5,-3.257359381569131
2096,31,88.5,-1.4115568128927691
2097,31,89.5,2.915541902769064
2098,31,88.5,0.08844318710723087
2099,31,86.0,-1.579303602047304
2100,31,85.0,1.89359768229086
2101,31,88.5,0.6884431871072252
2102,31,88.0,4.874893829276317
2103,31,87.0,-0.6522048863854906
2104,31,90.0,-1.4709087394000306
2105,31,80.5,-2.928346538187313
2106,31,82.0,-7.187698464694591
2107,31,83.0,-1.560599749032761
2108,31,89.0,0.1019925449381418
2109,31,89.0,-1.2980074550618497
2110,31,84.0,2.766498966629044
2111,31,81.0,-2.6147971803564047
2112,31,81.0,-3.3147971803564076
2113,31,84.0,-4.133501033370948
2114,31,85.5,-1.092852959878229
2115,31,82.0,-3.6876984646945914
2116,31,81.5,0.5987521774744948
2117,31,80.5,-0.42834653818731283
2118,31,92.0,-5.916711308076401
2119,31,86.5,-4.065754244216393
2120,31,93.0,2.5103874075854264
2121,31,87.5,-3.238655528554588
2122,31,84.5,6.580048324459952
2123,31,85.0,1.1935976822908572
2124,31,89.0,4.101992544938142
2125,31,85.0,-0.7064023177091343
2126,31,82.0,-0.48769846469458855
2127,31,84.0,0.9664989666290467
2128,31,88.5,-1.8115568128927748
2129,31,83.0,4.539400250967233
2130,31,86.0,-0.9793036020473096
2131,31,84.0,2.3664989666290523
2132,31,86.5,1.0342457557836013
2133,31,81.5,0.09875217747449483
2134,31,82.5,-1.3741491068636833
2135,31,89.0,-1.2980074550618497
2136,31,82.5,1.5258508931363224
2137,31,89.0,-0.09800745506186104
